,,ra,dec,labels,files,reds
PCC_Bg,3848,49.8038,41.5811,0,sdss_ra=49.8038_dec=41.5811-label=0.png,2.1575
PCC_Bg,2340,49.6184,41.4546,0,sdss_ra=49.6184_dec=41.4546-label=0.png,1.7875
PCC_Bg,5416,50.0028,41.3384,0,sdss_ra=50.0028_dec=41.3384-label=0.png,3.4875
PCC_Bg,5239,49.9814,41.4202,0,sdss_ra=49.9814_dec=41.4202-label=0.png,1.56
PCC_Bg,524,49.3342,41.33,0,sdss_ra=49.3342_dec=41.33-label=0.png,8.25
PCC_Bg,825,49.3878,41.5814,0,sdss_ra=49.3878_dec=41.5814-label=0.png,0.735
PCC_Bg,5270,49.985,41.3319,0,sdss_ra=49.985_dec=41.3319-label=0.png,4.3975
PCC_Bg,708,49.3665,41.2861,0,sdss_ra=49.3665_dec=41.2861-label=0.png,1.145
PCC_Bg,2282,49.6116,41.197,0,sdss_ra=49.6116_dec=41.197-label=0.png,1.685
PCC_Bg,2440,49.6283,41.2297,0,sdss_ra=49.6283_dec=41.2297-label=0.png,13.21
PCC_Bg,625,49.3508,41.3929,0,sdss_ra=49.3508_dec=41.3929-label=0.png,19.59
PCC_Bg,25,49.2466,41.4451,0,sdss_ra=49.2466_dec=41.4451-label=0.png,0.4775
PCC_Bg,3108,49.7118,41.7236,0,sdss_ra=49.7118_dec=41.7236-label=0.png,1.5025
PCC_Bg,618,49.3497,41.2962,0,sdss_ra=49.3497_dec=41.2962-label=0.png,1.325
PCC_Bg,451,49.322,41.4892,0,sdss_ra=49.322_dec=41.4892-label=0.png,1.035
PCC_Bg,3604,49.7705,41.3615,0,sdss_ra=49.7705_dec=41.3615-label=0.png,7.835
PCC_Bg,1529,49.5006,41.3793,0,sdss_ra=49.5006_dec=41.3793-label=0.png,0.6375
PCC_Bg,4259,49.8546,41.2312,0,sdss_ra=49.8546_dec=41.2312-label=0.png,4.5875
PCC_Bg,1895,49.5591,41.5027,0,sdss_ra=49.5591_dec=41.5027-label=0.png,12.405
PCC_Bg,1387,49.4784,41.2846,0,sdss_ra=49.4784_dec=41.2846-label=0.png,3.6775
PCC_Bg,1197,49.4487,41.3384,0,sdss_ra=49.4487_dec=41.3384-label=0.png,1.03
PCC_Bg,4507,49.8832,41.3043,0,sdss_ra=49.8832_dec=41.3043-label=0.png,9.4525
PCC_Bg,640,49.3541,41.4703,0,sdss_ra=49.3541_dec=41.4703-label=0.png,10.32
PCC_Bg,988,49.4142,41.3882,0,sdss_ra=49.4142_dec=41.3882-label=0.png,1.6775
PCC_Bg,1741,49.5319,41.5225,0,sdss_ra=49.5319_dec=41.5225-label=0.png,2.51
PCC_Bg,1688,49.5236,41.5182,0,sdss_ra=49.5236_dec=41.5182-label=0.png,2.14
PCC_Bg,3233,49.726,41.2954,0,sdss_ra=49.726_dec=41.2954-label=0.png,0.07
PCC_Bg,1405,49.4815,41.434,0,sdss_ra=49.4815_dec=41.434-label=0.png,0.84
PCC_Bg,836,49.3893,41.5721,0,sdss_ra=49.3893_dec=41.5721-label=0.png,0.425
PCC_Bg,595,49.347,41.5718,0,sdss_ra=49.347_dec=41.5718-label=0.png,3.13
PCC_Bg,4213,49.8498,41.6619,0,sdss_ra=49.8498_dec=41.6619-label=0.png,1.1375
PCC_Bg,5386,49.9985,41.3856,0,sdss_ra=49.9985_dec=41.3856-label=0.png,3.46
PCC_Bg,1591,49.5094,41.5135,0,sdss_ra=49.5094_dec=41.5135-label=0.png,11.55
PCC_Bg,2927,49.6876,41.226,0,sdss_ra=49.6876_dec=41.226-label=0.png,4.7675
PCC_Bg,1616,49.5132,41.3783,0,sdss_ra=49.5132_dec=41.3783-label=0.png,2.055
PCC_Bg,4966,49.9435,41.6033,0,sdss_ra=49.9435_dec=41.6033-label=0.png,18.805
PCC_Bg,1781,49.5392,41.4577,0,sdss_ra=49.5392_dec=41.4577-label=0.png,2.545
PCC_Bg,1221,49.4525,41.5851,0,sdss_ra=49.4525_dec=41.5851-label=0.png,2.0175
PCC_Bg,1386,49.4783,41.5175,0,sdss_ra=49.4783_dec=41.5175-label=0.png,2.015
PCC_Bg,56,49.2565,41.4396,0,sdss_ra=49.2565_dec=41.4396-label=0.png,3.6
PCC_Bg,109,49.2669,41.5264,0,sdss_ra=49.2669_dec=41.5264-label=0.png,2.095
PCC_Bg,4968,49.9437,41.3786,0,sdss_ra=49.9437_dec=41.3786-label=0.png,7.0525
PCC_Bg,4038,49.8286,41.2883,0,sdss_ra=49.8286_dec=41.2883-label=0.png,0.195
PCC_Bg,1939,49.5669,41.3688,0,sdss_ra=49.5669_dec=41.3688-label=0.png,1.685
PCC_Bg,765,49.3757,41.3132,0,sdss_ra=49.3757_dec=41.3132-label=0.png,12.5775
PCC_Bg,1794,49.5411,41.5389,0,sdss_ra=49.5411_dec=41.5389-label=0.png,6.14
PCC_Bg,3407,49.7463,41.6377,0,sdss_ra=49.7463_dec=41.6377-label=0.png,5.8775
PCC_Bg,2604,49.6469,41.4505,0,sdss_ra=49.6469_dec=41.4505-label=0.png,3.47
PCC_Bg,869,49.3925,41.5647,0,sdss_ra=49.3925_dec=41.5647-label=0.png,1.325
PCC_Bg,570,49.3431,41.5987,0,sdss_ra=49.3431_dec=41.5987-label=0.png,1.6375
PCC_Bg,2461,49.6309,41.2656,0,sdss_ra=49.6309_dec=41.2656-label=0.png,7.93
PCC_Bg,591,49.3464,41.4658,0,sdss_ra=49.3464_dec=41.4658-label=0.png,7.6425
PCC_Bg,2112,49.5907,41.6753,0,sdss_ra=49.5907_dec=41.6753-label=0.png,8.7425
PCC_Bg,5256,49.9834,41.4553,0,sdss_ra=49.9834_dec=41.4553-label=0.png,6.0075
PCC_Bg,5100,49.9579,41.2971,0,sdss_ra=49.9579_dec=41.2971-label=0.png,18.9775
PCC_Bg,1966,49.5705,41.4591,0,sdss_ra=49.5705_dec=41.4591-label=0.png,4.285
PCC_Bg,1580,49.5082,41.4069,0,sdss_ra=49.5082_dec=41.4069-label=0.png,2.5025
PCC_Bg,4871,49.9322,41.6483,0,sdss_ra=49.9322_dec=41.6483-label=0.png,7.8
PCC_Bg,5427,50.0051,41.6557,0,sdss_ra=50.0051_dec=41.6557-label=0.png,1.845
PCC_Bg,1207,49.4508,41.5244,0,sdss_ra=49.4508_dec=41.5244-label=0.png,0.79
PCC_Bg,10,49.242,41.4454,0,sdss_ra=49.242_dec=41.4454-label=0.png,0.22
PCC_Bg,3440,49.7513,41.2058,0,sdss_ra=49.7513_dec=41.2058-label=0.png,26.625
PCC_Bg,674,49.36,41.3234,0,sdss_ra=49.36_dec=41.3234-label=0.png,0.6025
PCC_Bg,1866,49.5539,41.502,0,sdss_ra=49.5539_dec=41.502-label=0.png,10.4825
PCC_Bg,1514,49.4978,41.6188,0,sdss_ra=49.4978_dec=41.6188-label=0.png,3.49
PCC_Bg,2759,49.6684,41.258,0,sdss_ra=49.6684_dec=41.258-label=0.png,4.345
PCC_Bg,773,49.3766,41.5364,0,sdss_ra=49.3766_dec=41.5364-label=0.png,0.08
PCC_Bg,513,49.3329,41.4999,0,sdss_ra=49.3329_dec=41.4999-label=0.png,0.9625
PCC_Bg,1826,49.5475,41.5225,0,sdss_ra=49.5475_dec=41.5225-label=0.png,10.375
PCC_Bg,5086,49.9564,41.3138,0,sdss_ra=49.9564_dec=41.3138-label=0.png,31.9475
PCC_Bg,4909,49.9366,41.7691,0,sdss_ra=49.9366_dec=41.7691-label=0.png,2.965
PCC_Bg,827,49.3881,41.3949,0,sdss_ra=49.3881_dec=41.3949-label=0.png,14.02
PCC_Bg,2382,49.623,41.7693,0,sdss_ra=49.623_dec=41.7693-label=0.png,2.56
PCC_Bg,816,49.3855,41.3037,0,sdss_ra=49.3855_dec=41.3037-label=0.png,10.3425
PCC_Bg,4327,49.8625,41.6234,0,sdss_ra=49.8625_dec=41.6234-label=0.png,4.705
PCC_Bg,366,49.3083,41.5094,0,sdss_ra=49.3083_dec=41.5094-label=0.png,0.545
PCC_Bg,1211,49.4511,41.3201,0,sdss_ra=49.4511_dec=41.3201-label=0.png,0.74
PCC_Bg,3158,49.7175,41.6788,0,sdss_ra=49.7175_dec=41.6788-label=0.png,12.915
PCC_Bg,2194,49.6028,41.5367,0,sdss_ra=49.6028_dec=41.5367-label=0.png,8.4175
PCC_Bg,1466,49.4898,41.5315,0,sdss_ra=49.4898_dec=41.5315-label=0.png,13.7375
PCC_Bg,2834,49.6769,41.3202,0,sdss_ra=49.6769_dec=41.3202-label=0.png,5.04
PCC_Bg,1991,49.5756,41.4865,0,sdss_ra=49.5756_dec=41.4865-label=0.png,2.2125
PCC_Bg,493,49.3303,41.5381,0,sdss_ra=49.3303_dec=41.5381-label=0.png,2.66
PCC_Bg,2817,49.6743,41.3287,0,sdss_ra=49.6743_dec=41.3287-label=0.png,0.0525
PCC_Bg,1848,49.5511,41.4042,0,sdss_ra=49.5511_dec=41.4042-label=0.png,0.96
PCC_Bg,2350,49.6199,41.6827,0,sdss_ra=49.6199_dec=41.6827-label=0.png,12.975
PCC_Bg,2078,49.5877,41.3917,0,sdss_ra=49.5877_dec=41.3917-label=0.png,3.3375
PCC_Bg,3699,49.7875,41.5292,0,sdss_ra=49.7875_dec=41.5292-label=0.png,11.1175
PCC_Bg,1622,49.5144,41.6052,0,sdss_ra=49.5144_dec=41.6052-label=0.png,17.525
PCC_Bg,996,49.4158,41.3219,0,sdss_ra=49.4158_dec=41.3219-label=0.png,3.6425
PCC_Bg,2030,49.5811,41.3339,0,sdss_ra=49.5811_dec=41.3339-label=0.png,0.74
PCC_Bg,2818,49.6744,41.3395,0,sdss_ra=49.6744_dec=41.3395-label=0.png,1.2575
PCC_Bg,214,49.2828,41.3936,0,sdss_ra=49.2828_dec=41.3936-label=0.png,4.575
PCC_Bg,669,49.3594,41.3355,0,sdss_ra=49.3594_dec=41.3355-label=0.png,0.48
PCC_Bg,5407,50.0018,41.6806,0,sdss_ra=50.0018_dec=41.6806-label=0.png,1.8675
PCC_Bg,3189,49.7208,41.5487,0,sdss_ra=49.7208_dec=41.5487-label=0.png,42.525
PCC_Bg,3087,49.7092,41.7048,0,sdss_ra=49.7092_dec=41.7048-label=0.png,7.805
PCC_Bg,953,49.407,41.3729,0,sdss_ra=49.407_dec=41.3729-label=0.png,2.34
PCC_Bg,3461,49.7545,41.3027,0,sdss_ra=49.7545_dec=41.3027-label=0.png,10.4975
PCC_Bg,1377,49.4776,41.384,0,sdss_ra=49.4776_dec=41.384-label=0.png,6.265
PCC_Bg,3285,49.7314,41.5563,0,sdss_ra=49.7314_dec=41.5563-label=0.png,17.8425
PCC_Bg,4285,49.8577,41.3264,0,sdss_ra=49.8577_dec=41.3264-label=0.png,3.9275
PCC_Bg,4514,49.8839,41.7175,0,sdss_ra=49.8839_dec=41.7175-label=0.png,6.8825
PCC_Bg,5264,49.9842,41.2138,0,sdss_ra=49.9842_dec=41.2138-label=0.png,0.795
PCC_Bg,1190,49.4477,41.575,0,sdss_ra=49.4477_dec=41.575-label=0.png,1.65
PCC_Bg,3045,49.7029,41.7359,0,sdss_ra=49.7029_dec=41.7359-label=0.png,3.38
PCC_Bg,3312,49.7345,41.6346,0,sdss_ra=49.7345_dec=41.6346-label=0.png,4.4825
PCC_Bg,2328,49.6164,41.4551,0,sdss_ra=49.6164_dec=41.4551-label=0.png,1.4325
PCC_Bg,4318,49.8615,41.4943,0,sdss_ra=49.8615_dec=41.4943-label=0.png,23.1225
PCC_Bg,1706,49.5268,41.3295,0,sdss_ra=49.5268_dec=41.3295-label=0.png,6.27
PCC_Bg,1432,49.4854,41.4154,0,sdss_ra=49.4854_dec=41.4154-label=0.png,3.6425
PCC_Bg,1564,49.5063,41.5123,0,sdss_ra=49.5063_dec=41.5123-label=0.png,7.16
PCC_Bg,26,49.2475,41.3259,0,sdss_ra=49.2475_dec=41.3259-label=0.png,1.7825
PCC_Bg,973,49.4111,41.4748,0,sdss_ra=49.4111_dec=41.4748-label=0.png,1.7025
PCC_Bg,3530,49.7624,41.308,0,sdss_ra=49.7624_dec=41.308-label=0.png,4.1375
PCC_Bg,1692,49.5247,41.4305,0,sdss_ra=49.5247_dec=41.4305-label=0.png,0.485
PCC_Mems,39,49.2516,41.3224,1,sdss_ra=49.2516_dec=41.3224-label=1.png,4.4
PCC_Mems,218,49.2835,41.3141,1,sdss_ra=49.2835_dec=41.3141-label=1.png,3.3975
PCC_Mems,245,49.2874,41.4252,1,sdss_ra=49.2874_dec=41.4252-label=1.png,3.72
PCC_Mems,313,49.3008,41.3811,1,sdss_ra=49.3008_dec=41.3811-label=1.png,11.885
PCC_Mems,348,49.3048,41.3333,1,sdss_ra=49.3048_dec=41.3333-label=1.png,12.675
PCC_Mems,357,49.3063,41.2975,1,sdss_ra=49.3063_dec=41.2975-label=1.png,3.6
PCC_Mems,359,49.3067,41.4355,1,sdss_ra=49.3067_dec=41.4355-label=1.png,0.7475
PCC_Mems,461,49.3237,41.4215,1,sdss_ra=49.3237_dec=41.4215-label=1.png,7.485
PCC_Mems,468,49.3256,41.4929,1,sdss_ra=49.3256_dec=41.4929-label=1.png,1.465
PCC_Mems,601,49.3476,41.47,1,sdss_ra=49.3476_dec=41.47-label=1.png,13.525
PCC_Mems,707,49.3663,41.3535,1,sdss_ra=49.3663_dec=41.3535-label=1.png,10.0725
PCC_Mems,822,49.387,41.297,1,sdss_ra=49.387_dec=41.297-label=1.png,1.3275
PCC_Mems,957,49.4082,41.3954,1,sdss_ra=49.4082_dec=41.3954-label=1.png,10.8375
PCC_Mems,984,49.4134,41.5176,1,sdss_ra=49.4134_dec=41.5176-label=1.png,1.3825
PCC_Mems,992,49.4149,41.5612,1,sdss_ra=49.4149_dec=41.5612-label=1.png,1.2175
PCC_Mems,1066,49.4273,41.3231,1,sdss_ra=49.4273_dec=41.3231-label=1.png,13.26
PCC_Mems,1077,49.4284,41.5999,1,sdss_ra=49.4284_dec=41.5999-label=1.png,9.02
PCC_Mems,1100,49.432,41.3634,1,sdss_ra=49.432_dec=41.3634-label=1.png,8.9125
PCC_Mems,1219,49.4519,41.4084,1,sdss_ra=49.4519_dec=41.4084-label=1.png,2.665
PCC_Mems,1281,49.4615,41.522,1,sdss_ra=49.4615_dec=41.522-label=1.png,0.8725
PCC_Mems,1542,49.5028,41.2991,1,sdss_ra=49.5028_dec=41.2991-label=1.png,5.065
PCC_Mems,1576,49.5078,41.5578,1,sdss_ra=49.5078_dec=41.5578-label=1.png,1.105
PCC_Mems,1612,49.5126,41.5128,1,sdss_ra=49.5126_dec=41.5128-label=1.png,8.8975
PCC_Mems,1627,49.5154,41.3231,1,sdss_ra=49.5154_dec=41.3231-label=1.png,9.615
PCC_Mems,1654,49.5184,41.3698,1,sdss_ra=49.5184_dec=41.3698-label=1.png,6.13
PCC_Mems,1683,49.5231,41.4355,1,sdss_ra=49.5231_dec=41.4355-label=1.png,3.455
PCC_Mems,1690,49.5244,41.5814,1,sdss_ra=49.5244_dec=41.5814-label=1.png,6.3625
PCC_Mems,1735,49.5308,41.5539,1,sdss_ra=49.5308_dec=41.5539-label=1.png,3.575
PCC_Mems,1832,49.5486,41.6169,1,sdss_ra=49.5486_dec=41.6169-label=1.png,7.595
PCC_Mems,1841,49.5502,41.4233,1,sdss_ra=49.5502_dec=41.4233-label=1.png,15.93
PCC_Mems,1883,49.557,41.4616,1,sdss_ra=49.557_dec=41.4616-label=1.png,2.21
PCC_Mems,1936,49.5667,41.2776,1,sdss_ra=49.5667_dec=41.2776-label=1.png,9.145
PCC_Mems,1946,49.568,41.5799,1,sdss_ra=49.568_dec=41.5799-label=1.png,1.19
PCC_Mems,1983,49.5741,41.5031,1,sdss_ra=49.5741_dec=41.5031-label=1.png,13.365
PCC_Mems,2020,49.5791,41.6937,1,sdss_ra=49.5791_dec=41.6937-label=1.png,2.5325
PCC_Mems,2038,49.582,41.2943,1,sdss_ra=49.582_dec=41.2943-label=1.png,0.9675
PCC_Mems,2145,49.5958,41.2689,1,sdss_ra=49.5958_dec=41.2689-label=1.png,6.9075
PCC_Mems,2171,49.5992,41.6442,1,sdss_ra=49.5992_dec=41.6442-label=1.png,29.9
PCC_Mems,2213,49.6048,41.5212,1,sdss_ra=49.6048_dec=41.5212-label=1.png,1.2775
PCC_Mems,2240,49.6078,41.5452,1,sdss_ra=49.6078_dec=41.5452-label=1.png,5.52
PCC_Mems,2324,49.6152,41.3213,1,sdss_ra=49.6152_dec=41.3213-label=1.png,5.395
PCC_Mems,2331,49.6169,41.7091,1,sdss_ra=49.6169_dec=41.7091-label=1.png,20.3775
PCC_Mems,2338,49.6181,41.286,1,sdss_ra=49.6181_dec=41.286-label=1.png,3.06
PCC_Mems,2392,49.6241,41.3027,1,sdss_ra=49.6241_dec=41.3027-label=1.png,9.0525
PCC_Mems,2530,49.6382,41.2977,1,sdss_ra=49.6382_dec=41.2977-label=1.png,0.7375
PCC_Mems,2545,49.6396,41.7522,1,sdss_ra=49.6396_dec=41.7522-label=1.png,9.695
PCC_Mems,2570,49.6431,41.4925,1,sdss_ra=49.6431_dec=41.4925-label=1.png,4.14
PCC_Mems,2753,49.6673,41.4173,1,sdss_ra=49.6673_dec=41.4173-label=1.png,2.3175
PCC_Mems,2771,49.6693,41.2867,1,sdss_ra=49.6693_dec=41.2867-label=1.png,2.4025
PCC_Mems,2773,49.6694,41.6242,1,sdss_ra=49.6694_dec=41.6242-label=1.png,23.5525
PCC_Mems,2917,49.6869,41.6338,1,sdss_ra=49.6869_dec=41.6338-label=1.png,2.565
PCC_Mems,2958,49.6925,41.4049,1,sdss_ra=49.6925_dec=41.4049-label=1.png,1.9125
PCC_Mems,2960,49.6929,41.6028,1,sdss_ra=49.6929_dec=41.6028-label=1.png,4.54
PCC_Mems,3009,49.6991,41.748,1,sdss_ra=49.6991_dec=41.748-label=1.png,6.4375
PCC_Mems,3075,49.7077,41.5067,1,sdss_ra=49.7077_dec=41.5067-label=1.png,12.57
PCC_Mems,3115,49.712,41.6398,1,sdss_ra=49.712_dec=41.6398-label=1.png,9.5725
PCC_Mems,3163,49.7177,41.2676,1,sdss_ra=49.7177_dec=41.2676-label=1.png,8.9075
PCC_Mems,3204,49.7227,41.3095,1,sdss_ra=49.7227_dec=41.3095-label=1.png,16.445
PCC_Mems,3243,49.727,41.2225,1,sdss_ra=49.727_dec=41.2225-label=1.png,6.0675
PCC_Mems,3302,49.7333,41.5787,1,sdss_ra=49.7333_dec=41.5787-label=1.png,4.365
PCC_Mems,3304,49.7334,41.6862,1,sdss_ra=49.7334_dec=41.6862-label=1.png,6.3075
PCC_Mems,3315,49.735,41.2599,1,sdss_ra=49.735_dec=41.2599-label=1.png,2.2675
PCC_Mems,3360,49.7397,41.359,1,sdss_ra=49.7397_dec=41.359-label=1.png,6.2825
PCC_Mems,3365,49.7405,41.4161,1,sdss_ra=49.7405_dec=41.4161-label=1.png,33.8925
PCC_Mems,3378,49.7415,41.6351,1,sdss_ra=49.7415_dec=41.6351-label=1.png,8.7775
PCC_Mems,3400,49.7454,41.3209,1,sdss_ra=49.7454_dec=41.3209-label=1.png,8.41
PCC_Mems,3417,49.7484,41.4446,1,sdss_ra=49.7484_dec=41.4446-label=1.png,3.96
PCC_Mems,3443,49.7516,41.484,1,sdss_ra=49.7516_dec=41.484-label=1.png,10.285
PCC_Mems,3528,49.7624,41.5043,1,sdss_ra=49.7624_dec=41.5043-label=1.png,8.01
PCC_Mems,3660,49.7817,41.2523,1,sdss_ra=49.7817_dec=41.2523-label=1.png,5.54
PCC_Mems,3686,49.7852,41.5811,1,sdss_ra=49.7852_dec=41.5811-label=1.png,11.49
PCC_Mems,3722,49.7895,41.7047,1,sdss_ra=49.7895_dec=41.7047-label=1.png,1.0775
PCC_Mems,3741,49.7926,41.6781,1,sdss_ra=49.7926_dec=41.6781-label=1.png,8.1825
PCC_Mems,3748,49.7935,41.4936,1,sdss_ra=49.7935_dec=41.4936-label=1.png,16.1975
PCC_Mems,3798,49.7995,41.7588,1,sdss_ra=49.7995_dec=41.7588-label=1.png,1.68
PCC_Mems,3918,49.8124,41.6778,1,sdss_ra=49.8124_dec=41.6778-label=1.png,1.735
PCC_Mems,3920,49.8126,41.2313,1,sdss_ra=49.8126_dec=41.2313-label=1.png,7.7225
PCC_Mems,3962,49.8178,41.7537,1,sdss_ra=49.8178_dec=41.7537-label=1.png,4.5725
PCC_Mems,4207,49.8495,41.6924,1,sdss_ra=49.8495_dec=41.6924-label=1.png,10.5625
PCC_Mems,4215,49.8501,41.5332,1,sdss_ra=49.8501_dec=41.5332-label=1.png,31.7975
PCC_Mems,4296,49.8585,41.2621,1,sdss_ra=49.8585_dec=41.2621-label=1.png,2.265
PCC_Mems,4329,49.8627,41.6082,1,sdss_ra=49.8627_dec=41.6082-label=1.png,7.5075
PCC_Mems,4401,49.8715,41.7361,1,sdss_ra=49.8715_dec=41.7361-label=1.png,2.715
PCC_Mems,4498,49.8823,41.5225,1,sdss_ra=49.8823_dec=41.5225-label=1.png,20.365
PCC_Mems,4550,49.8902,41.5536,1,sdss_ra=49.8902_dec=41.5536-label=1.png,9.495
PCC_Mems,4607,49.8969,41.6179,1,sdss_ra=49.8969_dec=41.6179-label=1.png,6.4175
PCC_Mems,4665,49.9053,41.486,1,sdss_ra=49.9053_dec=41.486-label=1.png,11.9575
PCC_Mems,4742,49.9145,41.2779,1,sdss_ra=49.9145_dec=41.2779-label=1.png,15.865
PCC_Mems,4749,49.9151,41.5179,1,sdss_ra=49.9151_dec=41.5179-label=1.png,17.3175
PCC_Mems,4770,49.9175,41.3292,1,sdss_ra=49.9175_dec=41.3292-label=1.png,5.015
PCC_Mems,4810,49.9235,41.4881,1,sdss_ra=49.9235_dec=41.4881-label=1.png,19.035
PCC_Mems,4815,49.9248,41.4995,1,sdss_ra=49.9248_dec=41.4995-label=1.png,30.3325
PCC_Mems,4866,49.9317,41.7131,1,sdss_ra=49.9317_dec=41.7131-label=1.png,9.4975
PCC_Mems,4875,49.9326,41.457,1,sdss_ra=49.9326_dec=41.457-label=1.png,16.1025
PCC_Mems,4899,49.936,41.4465,1,sdss_ra=49.936_dec=41.4465-label=1.png,17.655
PCC_Mems,4978,49.9449,41.5293,1,sdss_ra=49.9449_dec=41.5293-label=1.png,14.615
PCC_Mems,4980,49.9453,41.3786,1,sdss_ra=49.9453_dec=41.3786-label=1.png,9.3725
PCC_Mems,5046,49.9523,41.5579,1,sdss_ra=49.9523_dec=41.5579-label=1.png,28.8975
PCC_Mems,5062,49.9538,41.5834,1,sdss_ra=49.9538_dec=41.5834-label=1.png,17.095
PCC_Mems,5094,49.9574,41.3299,1,sdss_ra=49.9574_dec=41.3299-label=1.png,17.385
PCC_Mems,5095,49.9575,41.6693,1,sdss_ra=49.9575_dec=41.6693-label=1.png,1.09
PCC_Mems,5135,49.9635,41.5354,1,sdss_ra=49.9635_dec=41.5354-label=1.png,25.5925
PCC_Mems,5136,49.9636,41.3097,1,sdss_ra=49.9636_dec=41.3097-label=1.png,8.1175
PCC_Mems,5146,49.9656,41.3923,1,sdss_ra=49.9656_dec=41.3923-label=1.png,2.3275
PCC_Mems,5155,49.967,41.2598,1,sdss_ra=49.967_dec=41.2598-label=1.png,2.78
PCC_Mems,5156,49.9672,41.648,1,sdss_ra=49.9672_dec=41.648-label=1.png,2.4275
PCC_Mems,5162,49.9686,41.5498,1,sdss_ra=49.9686_dec=41.5498-label=1.png,9.6325
PCC_Mems,5168,49.9705,41.6088,1,sdss_ra=49.9705_dec=41.6088-label=1.png,6.96
PCC_Mems,5195,49.9756,41.3089,1,sdss_ra=49.9756_dec=41.3089-label=1.png,12.245
PCC_Mems,5338,49.9932,41.5479,1,sdss_ra=49.9932_dec=41.5479-label=1.png,28.275
PCC_Mems,5357,49.9947,41.75,1,sdss_ra=49.9947_dec=41.75-label=1.png,49.0325
PCC_Mems,5373,49.9967,41.3092,1,sdss_ra=49.9967_dec=41.3092-label=1.png,17.59
PCC_Mems,4501,49.8825,41.7447,1,sdss_ra=49.8825_dec=41.7447-label=1.png,4.655
PCC_Mems,4931,49.9387,41.2544,1,sdss_ra=49.9387_dec=41.2544-label=1.png,5.57
Spec_Bg,2,50.0299197642029,41.552969242595,0,sdss_ra=50.0299197642029_dec=41.552969242595-label=0.png,5.2125
Spec_Bg,3,49.9883305149312,41.4458746990913,0,sdss_ra=49.9883305149312_dec=41.4458746990913-label=0.png,17.6175
Spec_Bg,9,49.822002444993,41.5762271268554,0,sdss_ra=49.822002444993_dec=41.5762271268554-label=0.png,0.81
Spec_Bg,14,49.7836819044895,41.5217218861315,0,sdss_ra=49.7836819044895_dec=41.5217218861315-label=0.png,4.97
Spec_Bg,25,49.7712214276737,41.4702044779128,0,sdss_ra=49.7712214276737_dec=41.4702044779128-label=0.png,3.265
Spec_Bg,26,50.0308283659175,41.3882932987744,0,sdss_ra=50.0308283659175_dec=41.3882932987744-label=0.png,1.695
Spec_Bg,42,50.0039643129297,41.3409569288291,0,sdss_ra=50.0039643129297_dec=41.3409569288291-label=0.png,6.0025
Spec_Bg,43,50.193912182851,41.5120604175913,0,sdss_ra=50.193912182851_dec=41.5120604175913-label=0.png,5.19
Spec_Bg,48,50.1886404627776,41.5706873310953,0,sdss_ra=50.1886404627776_dec=41.5706873310953-label=0.png,1.255
Spec_Bg,57,50.1240046283114,41.6598757568739,0,sdss_ra=50.1240046283114_dec=41.6598757568739-label=0.png,11.07
Spec_Bg,63,49.6732849511774,41.5693368326331,0,sdss_ra=49.6732849511774_dec=41.5693368326331-label=0.png,6.015
Spec_Bg,65,49.8831911264325,41.3042338061537,0,sdss_ra=49.8831911264325_dec=41.3042338061537-label=0.png,8.345
Spec_Bg,80,49.7701555813497,41.7192215795183,0,sdss_ra=49.7701555813497_dec=41.7192215795183-label=0.png,3.3175
Spec_Bg,82,50.1775974531424,41.6947119969866,0,sdss_ra=50.1775974531424_dec=41.6947119969866-label=0.png,1.31
Spec_Bg,85,50.1366005911547,41.7320222485647,0,sdss_ra=50.1366005911547_dec=41.7320222485647-label=0.png,1.575
Spec_Bg,88,49.8805021876482,41.2520151603596,0,sdss_ra=49.8805021876482_dec=41.2520151603596-label=0.png,19.645
Spec_Bg,91,50.0437796548105,41.2456151039519,0,sdss_ra=50.0437796548105_dec=41.2456151039519-label=0.png,11.325
Spec_Bg,94,49.9156143488672,41.2329477624084,0,sdss_ra=49.9156143488672_dec=41.2329477624084-label=0.png,6.095
Spec_Bg,99,50.3361938102496,41.4958685640523,0,sdss_ra=50.3361938102496_dec=41.4958685640523-label=0.png,10.36
Spec_Bg,102,50.2855776364297,41.3230425309137,0,sdss_ra=50.2855776364297_dec=41.3230425309137-label=0.png,7.32
Spec_Bg,106,50.2558086297081,41.285926984341,0,sdss_ra=50.2558086297081_dec=41.285926984341-label=0.png,4.0925
Spec_Bg,112,49.665099654597,41.7720034035862,0,sdss_ra=49.665099654597_dec=41.7720034035862-label=0.png,5.355
Spec_Bg,118,50.2962540829001,41.298821003556,0,sdss_ra=50.2962540829001_dec=41.298821003556-label=0.png,1.8675
Spec_Bg,123,50.2217795302807,41.2257344379433,0,sdss_ra=50.2217795302807_dec=41.2257344379433-label=0.png,9.825
Spec_Bg,127,49.9427904069998,41.8795154436514,0,sdss_ra=49.9427904069998_dec=41.8795154436514-label=0.png,2.56
Spec_Bg,130,49.8536925506709,41.1475469331591,0,sdss_ra=49.8536925506709_dec=41.1475469331591-label=0.png,7.215
Spec_Bg,131,49.5154139273366,41.3230599188577,0,sdss_ra=49.5154139273366_dec=41.3230599188577-label=0.png,9.8275
Spec_Bg,132,49.4421739623854,41.5116662675731,0,sdss_ra=49.4421739623854_dec=41.5116662675731-label=0.png,1.9475
Spec_Bg,134,49.4317076157181,41.5455785249482,0,sdss_ra=49.4317076157181_dec=41.5455785249482-label=0.png,2.9975
Spec_Bg,140,49.7993394162836,41.1325137671338,0,sdss_ra=49.7993394162836_dec=41.1325137671338-label=0.png,9.43
Spec_Bg,141,49.9596364870387,41.1071148167986,0,sdss_ra=49.9596364870387_dec=41.1071148167986-label=0.png,0.9375
Spec_Bg,142,50.2554087638575,41.8491100481994,0,sdss_ra=50.2554087638575_dec=41.8491100481994-label=0.png,10.15
Spec_Bg,143,50.0402382592295,41.1110424504092,0,sdss_ra=50.0402382592295_dec=41.1110424504092-label=0.png,1.2925
Spec_Bg,146,50.3783516844226,41.7692572319905,0,sdss_ra=50.3783516844226_dec=41.7692572319905-label=0.png,5.4475
Spec_Bg,147,49.6089271981223,41.1874693492049,0,sdss_ra=49.6089271981223_dec=41.1874693492049-label=0.png,2.3975
Spec_Bg,148,50.4668689770366,41.3705401026461,0,sdss_ra=50.4668689770366_dec=41.3705401026461-label=0.png,3.375
Spec_Bg,156,49.6507692111618,41.1286046001567,0,sdss_ra=49.6507692111618_dec=41.1286046001567-label=0.png,13.09
Spec_Bg,160,50.1299826378577,41.9502979314223,0,sdss_ra=50.1299826378577_dec=41.9502979314223-label=0.png,10.5225
Spec_Bg,162,50.2822057978094,41.1160492772003,0,sdss_ra=50.2822057978094_dec=41.1160492772003-label=0.png,1.3925
Spec_Bg,164,49.359348013872,41.3355162432555,0,sdss_ra=49.359348013872_dec=41.3355162432555-label=0.png,0.345
Spec_Bg,172,49.3356924370468,41.6862404604867,0,sdss_ra=49.3356924370468_dec=41.6862404604867-label=0.png,2.595
Spec_Bg,173,50.4370749095024,41.1881314967587,0,sdss_ra=50.4370749095024_dec=41.1881314967587-label=0.png,0.3775
Spec_Bg,175,49.3341940619202,41.330028965925,0,sdss_ra=49.3341940619202_dec=41.330028965925-label=0.png,8.305
Spec_Bg,176,49.5106706715106,41.8881510691392,0,sdss_ra=49.5106706715106_dec=41.8881510691392-label=0.png,7.2225
Spec_Bg,178,49.2837319861403,41.569055834369,0,sdss_ra=49.2837319861403_dec=41.569055834369-label=0.png,6.35
Spec_Bg,179,50.4211048882726,41.1599528742314,0,sdss_ra=50.4211048882726_dec=41.1599528742314-label=0.png,0.715
Spec_Bg,181,49.3008178765353,41.3811309686393,0,sdss_ra=49.3008178765353_dec=41.3811309686393-label=0.png,11.5975
Spec_Bg,185,50.3331335352798,41.9289843514299,0,sdss_ra=50.3331335352798_dec=41.9289843514299-label=0.png,0.2
Spec_Bg,186,50.332964562893,41.9318584299157,0,sdss_ra=50.332964562893_dec=41.9318584299157-label=0.png,0.525
Spec_Bg,187,50.4167280395728,41.8854259834874,0,sdss_ra=50.4167280395728_dec=41.8854259834874-label=0.png,2.4225
Spec_Bg,188,49.9799372067838,41.0019206515408,0,sdss_ra=49.9799372067838_dec=41.0019206515408-label=0.png,0.8375
Spec_Bg,190,50.5975011502279,41.6876454625289,0,sdss_ra=50.5975011502279_dec=41.6876454625289-label=0.png,3.82
Spec_Bg,191,49.2728503868999,41.3816916162151,0,sdss_ra=49.2728503868999_dec=41.3816916162151-label=0.png,0.4775
Spec_Bg,192,49.9052836421163,42.0396064642869,0,sdss_ra=49.9052836421163_dec=42.0396064642869-label=0.png,1.135
Spec_Bg,196,49.2842438443606,41.7045780881608,0,sdss_ra=49.2842438443606_dec=41.7045780881608-label=0.png,7.205
Spec_Bg,199,50.5828459137216,41.2553051931563,0,sdss_ra=50.5828459137216_dec=41.2553051931563-label=0.png,0.895
Spec_Bg,200,49.2708622239415,41.3122739854936,0,sdss_ra=49.2708622239415_dec=41.3122739854936-label=0.png,1.4375
Spec_Bg,202,49.382806412098,41.1655612135106,0,sdss_ra=49.382806412098_dec=41.1655612135106-label=0.png,7.5425
Spec_Bg,203,49.8575014176214,42.0590221014334,0,sdss_ra=49.8575014176214_dec=42.0590221014334-label=0.png,0.995
Spec_Bg,205,49.2475173645298,41.325886015873,0,sdss_ra=49.2475173645298_dec=41.325886015873-label=0.png,1.8175
Spec_Bg,206,49.4250721764716,41.1156249507559,0,sdss_ra=49.4250721764716_dec=41.1156249507559-label=0.png,47.43
Spec_Bg,207,50.4581020034618,41.9205467661767,0,sdss_ra=50.4581020034618_dec=41.9205467661767-label=0.png,11.8125
Spec_Bg,208,49.8005517874171,40.9643133905101,0,sdss_ra=49.8005517874171_dec=40.9643133905101-label=0.png,18.9925
Spec_Bg,209,50.6822289533775,41.6290010185159,0,sdss_ra=50.6822289533775_dec=41.6290010185159-label=0.png,6.475
Spec_Bg,210,49.2612760202228,41.2756095639857,0,sdss_ra=49.2612760202228_dec=41.2756095639857-label=0.png,19.1525
Spec_Bg,215,49.2760306599565,41.8273941676392,0,sdss_ra=49.2760306599565_dec=41.8273941676392-label=0.png,18.3825
Spec_Bg,217,49.9794732374551,42.1043019829603,0,sdss_ra=49.9794732374551_dec=42.1043019829603-label=0.png,0.21
Spec_Bg,220,50.5297471843039,41.112334284405,0,sdss_ra=50.5297471843039_dec=41.112334284405-label=0.png,2.7175
Spec_Bg,222,49.3052263592404,41.1654926559812,0,sdss_ra=49.3052263592404_dec=41.1654926559812-label=0.png,12.1175
Spec_Bg,223,49.6135537271712,40.9712756655696,0,sdss_ra=49.6135537271712_dec=40.9712756655696-label=0.png,7.0475
Spec_Bg,224,49.1530003249114,41.5955682098865,0,sdss_ra=49.1530003249114_dec=41.5955682098865-label=0.png,3.8025
Spec_Bg,227,49.5094031203789,42.0184649487747,0,sdss_ra=49.5094031203789_dec=42.0184649487747-label=0.png,22.2425
Spec_Bg,228,50.620634164573,41.1817977098067,0,sdss_ra=50.620634164573_dec=41.1817977098067-label=0.png,3.7975
Spec_Bg,233,49.1598467942621,41.3603819153231,0,sdss_ra=49.1598467942621_dec=41.3603819153231-label=0.png,7.87
Spec_Bg,235,50.7499979455199,41.6323363181993,0,sdss_ra=50.7499979455199_dec=41.6323363181993-label=0.png,3.28
Spec_Bg,236,50.7686625117234,41.4678934573744,0,sdss_ra=50.7686625117234_dec=41.4678934573744-label=0.png,9.1325
Spec_Bg,237,50.6673686320564,41.2126523085706,0,sdss_ra=50.6673686320564_dec=41.2126523085706-label=0.png,3.745
Spec_Bg,239,49.2224407532527,41.2107571670515,0,sdss_ra=49.2224407532527_dec=41.2107571670515-label=0.png,2.3
Spec_Bg,240,49.5908758649711,42.0769970782354,0,sdss_ra=49.5908758649711_dec=42.0769970782354-label=0.png,23.475
Spec_Bg,242,49.2704224083103,41.8801243695276,0,sdss_ra=49.2704224083103_dec=41.8801243695276-label=0.png,9.5225
Spec_Bg,244,49.1911195737604,41.2502476248583,0,sdss_ra=49.1911195737604_dec=41.2502476248583-label=0.png,18.28
Spec_Bg,245,49.3251842130382,41.0951629449596,0,sdss_ra=49.3251842130382_dec=41.0951629449596-label=0.png,14.4725
Spec_Bg,246,50.3919240202929,42.0448601777284,0,sdss_ra=50.3919240202929_dec=42.0448601777284-label=0.png,12.19
Spec_Bg,247,49.5125281499978,40.97490581775,0,sdss_ra=49.5125281499978_dec=40.97490581775-label=0.png,10.1175
Spec_Bg,250,49.1608997235118,41.266242194897,0,sdss_ra=49.1608997235118_dec=41.266242194897-label=0.png,12.41
Spec_Bg,251,49.0938795937997,41.5585466232934,0,sdss_ra=49.0938795937997_dec=41.5585466232934-label=0.png,9.4125
Spec_Bg,254,50.6836449324582,41.8512047165771,0,sdss_ra=50.6836449324582_dec=41.8512047165771-label=0.png,12.2525
Spec_Bg,259,50.6136396777001,41.9375401903305,0,sdss_ra=50.6136396777001_dec=41.9375401903305-label=0.png,5.225
Spec_Bg,260,50.7700694512557,41.7542798736106,0,sdss_ra=50.7700694512557_dec=41.7542798736106-label=0.png,8.14
Spec_Bg,262,49.0848060252556,41.3322875112143,0,sdss_ra=49.0848060252556_dec=41.3322875112143-label=0.png,5.1575
Spec_Bg,263,49.185064227473,41.8784282831725,0,sdss_ra=49.185064227473_dec=41.8784282831725-label=0.png,4.265
Spec_Bg,265,49.3097652974681,42.0039586126424,0,sdss_ra=49.3097652974681_dec=42.0039586126424-label=0.png,5.2425
Spec_Bg,268,50.3457694433509,42.1354449249521,0,sdss_ra=50.3457694433509_dec=42.1354449249521-label=0.png,0.015
Spec_Bg,269,49.7719870060151,42.1977103391592,0,sdss_ra=49.7719870060151_dec=42.1977103391592-label=0.png,1.18
Spec_Bg,270,50.8756484938343,41.565798154594,0,sdss_ra=50.8756484938343_dec=41.565798154594-label=0.png,4.6425
Spec_Bg,275,49.0570287880535,41.2620576087679,0,sdss_ra=49.0570287880535_dec=41.2620576087679-label=0.png,2.18
Spec_Bg,276,49.0197507763859,41.6848470319683,0,sdss_ra=49.0197507763859_dec=41.6848470319683-label=0.png,2.52
Spec_Bg,277,50.3661499660058,40.8722375533118,0,sdss_ra=50.3661499660058_dec=40.8722375533118-label=0.png,12.515
Spec_Bg,278,50.6769649197897,41.975853538663,0,sdss_ra=50.6769649197897_dec=41.975853538663-label=0.png,3.26
Spec_Bg,279,49.9894351197685,42.2278508405121,0,sdss_ra=49.9894351197685_dec=42.2278508405121-label=0.png,35.44
Spec_Bg,280,49.0021741137901,41.4080470071518,0,sdss_ra=49.0021741137901_dec=41.4080470071518-label=0.png,10.3675
Spec_Bg,281,49.85597818686,40.7991907590042,0,sdss_ra=49.85597818686_dec=40.7991907590042-label=0.png,4.0525
Spec_Bg,283,49.1251846652232,41.8848529640606,0,sdss_ra=49.1251846652232_dec=41.8848529640606-label=0.png,5.21
Spec_Bg,285,49.2359089369141,41.9963304584024,0,sdss_ra=49.2359089369141_dec=41.9963304584024-label=0.png,0.5275
Spec_Bg,286,49.3339087242848,42.067375286885,0,sdss_ra=49.3339087242848_dec=42.067375286885-label=0.png,12.5975
Spec_Bg,287,50.2187891416578,40.8218377553388,0,sdss_ra=50.2187891416578_dec=40.8218377553388-label=0.png,27.715
Spec_Bg,288,50.8726973633063,41.7251217520325,0,sdss_ra=50.8726973633063_dec=41.7251217520325-label=0.png,12.8425
Spec_Bg,289,50.4410055155298,40.8919141993069,0,sdss_ra=50.4410055155298_dec=40.8919141993069-label=0.png,5.095
Spec_Bg,290,50.9235265983509,41.5222155244742,0,sdss_ra=50.9235265983509_dec=41.5222155244742-label=0.png,0.4825
Spec_Bg,291,50.9058912284345,41.3664650588926,0,sdss_ra=50.9058912284345_dec=41.3664650588926-label=0.png,2.7
Spec_Bg,292,50.1844055986588,40.8007587515615,0,sdss_ra=50.1844055986588_dec=40.8007587515615-label=0.png,14.5025
Spec_Bg,293,48.9999795273873,41.2875102706543,0,sdss_ra=48.9999795273873_dec=41.2875102706543-label=0.png,0.7175
Spec_Bg,294,49.1675257811761,41.9823818208255,0,sdss_ra=49.1675257811761_dec=41.9823818208255-label=0.png,1.1525
Spec_Bg,295,49.0304654578195,41.8135750584925,0,sdss_ra=49.0304654578195_dec=41.8135750584925-label=0.png,2.52
Spec_Mems,0,49.9325721909726,41.4569819791321,1,sdss_ra=49.9325721909726_dec=41.4569819791321-label=1.png,16.14
Spec_Mems,5,49.9286896562222,41.6007242294404,1,sdss_ra=49.9286896562222_dec=41.6007242294404-label=1.png,17.85
Spec_Mems,7,49.9705060262728,41.6087855128691,1,sdss_ra=49.9705060262728_dec=41.6087855128691-label=1.png,6.8575
Spec_Mems,16,49.9061197597231,41.6328754033241,1,sdss_ra=49.9061197597231_dec=41.6328754033241-label=1.png,9.685
Spec_Mems,18,50.025488379003,41.6300421407339,1,sdss_ra=50.025488379003_dec=41.6300421407339-label=1.png,0.2975
Spec_Mems,19,50.1192252388923,41.4888413843425,1,sdss_ra=50.1192252388923_dec=41.4888413843425-label=1.png,4.6525
Spec_Mems,20,50.1222973668195,41.5145661636805,1,sdss_ra=50.1222973668195_dec=41.5145661636805-label=1.png,0.0
Spec_Mems,23,49.8640621036807,41.6352685675764,1,sdss_ra=49.8640621036807_dec=41.6352685675764-label=1.png,1.4425
Spec_Mems,28,49.760046123573,41.5502349902431,1,sdss_ra=49.760046123573_dec=41.5502349902431-label=1.png,10.325
Spec_Mems,30,50.0646761465794,41.398649050392,1,sdss_ra=50.0646761465794_dec=41.398649050392-label=1.png,0.0
Spec_Mems,32,50.1374704982234,41.5741245778116,1,sdss_ra=50.1374704982234_dec=41.5741245778116-label=1.png,15.3825
Spec_Mems,33,49.7421128001445,41.4701208499646,1,sdss_ra=49.7421128001445_dec=41.4701208499646-label=1.png,0.0
Spec_Mems,35,49.8239777063448,41.6443501818367,1,sdss_ra=49.8239777063448_dec=41.6443501818367-label=1.png,0.005
Spec_Mems,37,50.0919190508431,41.6409169263223,1,sdss_ra=50.0919190508431_dec=41.6409169263223-label=1.png,0.305
Spec_Mems,38,50.0873396454365,41.3737384235078,1,sdss_ra=50.0873396454365_dec=41.3737384235078-label=1.png,1.1375
Spec_Mems,40,49.7588315429406,41.6199281627887,1,sdss_ra=49.7588315429406_dec=41.6199281627887-label=1.png,3.0075
Spec_Mems,44,49.9174877741773,41.3291991253375,1,sdss_ra=49.9174877741773_dec=41.3291991253375-label=1.png,5.1575
Spec_Mems,46,50.072450372141,41.34893080365,1,sdss_ra=50.072450372141_dec=41.34893080365-label=1.png,6.2825
Spec_Mems,49,49.6867314009884,41.5114441292928,1,sdss_ra=49.6867314009884_dec=41.5114441292928-label=1.png,1.4
Spec_Mems,51,49.6881724299768,41.4887639647977,1,sdss_ra=49.6881724299768_dec=41.4887639647977-label=1.png,0.135
Spec_Mems,53,49.7970434369399,41.3531956433367,1,sdss_ra=49.7970434369399_dec=41.3531956433367-label=1.png,0.0025
Spec_Mems,55,49.7414833647509,41.6350645496723,1,sdss_ra=49.7414833647509_dec=41.6350645496723-label=1.png,8.55
Spec_Mems,58,49.6862761715124,41.4674857522114,1,sdss_ra=49.6862761715124_dec=41.4674857522114-label=1.png,0.0025
Spec_Mems,59,50.1757659807148,41.4039750851123,1,sdss_ra=50.1757659807148_dec=41.4039750851123-label=1.png,3.7275
Spec_Mems,61,49.6974774994161,41.428373591989,1,sdss_ra=49.6974774994161_dec=41.428373591989-label=1.png,1.575
Spec_Mems,64,49.7128793782692,41.3923537508308,1,sdss_ra=49.7128793782692_dec=41.3923537508308-label=1.png,0.985
Spec_Mems,66,50.2112693947652,41.6004244597273,1,sdss_ra=50.2112693947652_dec=41.6004244597273-label=1.png,0.0
Spec_Mems,67,50.2408881196432,41.506345029876,1,sdss_ra=50.2408881196432_dec=41.506345029876-label=1.png,3.335
Spec_Mems,68,50.235725066588,41.4388504401502,1,sdss_ra=50.235725066588_dec=41.4388504401502-label=1.png,18.155
Spec_Mems,69,50.2517165750559,41.562463684849,1,sdss_ra=50.2517165750559_dec=41.562463684849-label=1.png,7.1625
Spec_Mems,70,49.9356066702234,41.2780792750039,1,sdss_ra=49.9356066702234_dec=41.2780792750039-label=1.png,1.635
Spec_Mems,71,50.0552790374181,41.2868743261062,1,sdss_ra=50.0552790374181_dec=41.2868743261062-label=1.png,8.1025
Spec_Mems,73,50.2054820731759,41.3706843348946,1,sdss_ra=50.2054820731759_dec=41.3706843348946-label=1.png,0.0
Spec_Mems,75,49.9449358444632,41.270382598523,1,sdss_ra=49.9449358444632_dec=41.270382598523-label=1.png,20.175
Spec_Mems,76,49.7427700516971,41.7023783448801,1,sdss_ra=49.7427700516971_dec=41.7023783448801-label=1.png,0.0
Spec_Mems,78,50.2558101939355,41.4344626658023,1,sdss_ra=50.2558101939355_dec=41.4344626658023-label=1.png,16.965
Spec_Mems,83,50.2592785121609,41.4094752214626,1,sdss_ra=50.2592785121609_dec=41.4094752214626-label=1.png,0.9725
Spec_Mems,86,49.6621494298188,41.6689425891096,1,sdss_ra=49.6621494298188_dec=41.6689425891096-label=1.png,1.52
Spec_Mems,89,50.006822919519,41.2511539904146,1,sdss_ra=50.006822919519_dec=41.2511539904146-label=1.png,0.0
Spec_Mems,92,49.5788652894655,41.4693671588608,1,sdss_ra=49.5788652894655_dec=41.4693671588608-label=1.png,5.86
Spec_Mems,95,50.1336678595388,41.7584707117627,1,sdss_ra=50.1336678595388_dec=41.7584707117627-label=1.png,3.78
Spec_Mems,96,49.5937534686477,41.4097756365822,1,sdss_ra=49.5937534686477_dec=41.4097756365822-label=1.png,0.0675
Spec_Mems,98,50.1916426157601,41.7349372590753,1,sdss_ra=50.1916426157601_dec=41.7349372590753-label=1.png,6.6525
Spec_Mems,100,50.336836986607,41.46005973571,1,sdss_ra=50.336836986607_dec=41.46005973571-label=1.png,2.99
Spec_Mems,101,49.6152258885157,41.3213174238366,1,sdss_ra=49.6152258885157_dec=41.3213174238366-label=1.png,5.4975
Spec_Mems,103,49.5750012566803,41.6753256012749,1,sdss_ra=49.5750012566803_dec=41.6753256012749-label=1.png,0.96
Spec_Mems,105,49.5244020175459,41.5813582968019,1,sdss_ra=49.5244020175459_dec=41.5813582968019-label=1.png,6.405
Spec_Mems,108,50.0301282412048,41.8328072051585,1,sdss_ra=50.0301282412048_dec=41.8328072051585-label=1.png,3.5075
Spec_Mems,109,50.1414808232528,41.2218467085331,1,sdss_ra=50.1414808232528_dec=41.2218467085331-label=1.png,12.505
Spec_Mems,110,50.3802762257035,41.5474536325146,1,sdss_ra=50.3802762257035_dec=41.5474536325146-label=1.png,8.825
Spec_Mems,111,49.7268858637923,41.8030385429612,1,sdss_ra=49.7268858637923_dec=41.8030385429612-label=1.png,25.5375
Spec_Mems,113,50.3925238215328,41.5061613782787,1,sdss_ra=50.3925238215328_dec=41.5061613782787-label=1.png,1.2
Spec_Mems,114,49.498157446947,41.5203688611731,1,sdss_ra=49.498157446947_dec=41.5203688611731-label=1.png,0.4125
Spec_Mems,116,49.631956124873,41.2740581753394,1,sdss_ra=49.631956124873_dec=41.2740581753394-label=1.png,0.23
Spec_Mems,117,49.5073308611243,41.5926931133879,1,sdss_ra=49.5073308611243_dec=41.5926931133879-label=1.png,3.51
Spec_Mems,119,49.979897820705,41.1726324612579,1,sdss_ra=49.979897820705_dec=41.1726324612579-label=1.png,10.8775
Spec_Mems,121,49.4898628885605,41.4973067696004,1,sdss_ra=49.4898628885605_dec=41.4973067696004-label=1.png,0.6075
Spec_Mems,124,49.8996627467526,41.1511503541778,1,sdss_ra=49.8996627467526_dec=41.1511503541778-label=1.png,0.205
Spec_Mems,125,50.2869381053616,41.2530385705908,1,sdss_ra=50.2869381053616_dec=41.2530385705908-label=1.png,2.8025
Spec_Mems,128,49.4628396701164,41.4508207228506,1,sdss_ra=49.4628396701164_dec=41.4508207228506-label=1.png,0.0825
Spec_Mems,133,50.4075544221459,41.3578114673567,1,sdss_ra=50.4075544221459_dec=41.3578114673567-label=1.png,1.625
Spec_Mems,136,49.5350273421591,41.7543521559441,1,sdss_ra=49.5350273421591_dec=41.7543521559441-label=1.png,0.08
Spec_Mems,138,49.7798434161085,41.1426340291011,1,sdss_ra=49.7798434161085_dec=41.1426340291011-label=1.png,6.1175
Spec_Mems,139,49.5028172944523,41.2990947963276,1,sdss_ra=49.5028172944523_dec=41.2990947963276-label=1.png,5.0825
Spec_Mems,144,50.4895205180798,41.5521931418354,1,sdss_ra=50.4895205180798_dec=41.5521931418354-label=1.png,13.66
Spec_Mems,145,49.5545783717589,41.8025113837332,1,sdss_ra=49.5545783717589_dec=41.8025113837332-label=1.png,10.7725
Spec_Mems,150,49.5269787314467,41.7991761650479,1,sdss_ra=49.5269787314467_dec=41.7991761650479-label=1.png,8.1325
Spec_Mems,152,49.3661256874807,41.4880812795921,1,sdss_ra=49.3661256874807_dec=41.4880812795921-label=1.png,0.0
Spec_Mems,154,49.5813214431258,41.8559828364649,1,sdss_ra=49.5813214431258_dec=41.8559828364649-label=1.png,0.4825
Spec_Mems,155,50.2412948084998,41.8938503657885,1,sdss_ra=50.2412948084998_dec=41.8938503657885-label=1.png,0.0
Spec_Mems,157,50.5378202439946,41.4507774213165,1,sdss_ra=50.5378202439946_dec=41.4507774213165-label=1.png,1.54
Spec_Mems,158,50.4849246036073,41.2983642796027,1,sdss_ra=50.4849246036073_dec=41.2983642796027-label=1.png,1.0075
Spec_Mems,161,49.9410884084147,41.9764093259918,1,sdss_ra=49.9410884084147_dec=41.9764093259918-label=1.png,6.015
Spec_Mems,163,49.3869972146589,41.296989045752,1,sdss_ra=49.3869972146589_dec=41.296989045752-label=1.png,1.335
Spec_Mems,165,49.3236841359998,41.4214466740835,1,sdss_ra=49.3236841359998_dec=41.4214466740835-label=1.png,7.0475
Spec_Mems,166,50.5802270782083,41.4454066396289,1,sdss_ra=50.5802270782083_dec=41.4454066396289-label=1.png,6.6625
Spec_Mems,167,50.4645521200175,41.7972508487597,1,sdss_ra=50.4645521200175_dec=41.7972508487597-label=1.png,2.705
Spec_Mems,168,49.7646076974504,41.9741404391237,1,sdss_ra=49.7646076974504_dec=41.9741404391237-label=1.png,4.4875
Spec_Mems,169,49.6812283687428,41.0724997416086,1,sdss_ra=49.6812283687428_dec=41.0724997416086-label=1.png,0.0
Spec_Mems,170,50.3513890522591,41.1358669686683,1,sdss_ra=50.3513890522591_dec=41.1358669686683-label=1.png,3.525
Spec_Mems,171,49.3067191820093,41.4355052201931,1,sdss_ra=49.3067191820093_dec=41.4355052201931-label=1.png,0.9075
Spec_Mems,174,50.5410991979522,41.7273450946203,1,sdss_ra=50.5410991979522_dec=41.7273450946203-label=1.png,0.5875
Spec_Mems,177,49.3050585509131,41.650954259702,1,sdss_ra=49.3050585509131_dec=41.650954259702-label=1.png,0.0
Spec_Mems,182,49.9764794969313,42.0146657676511,1,sdss_ra=49.9764794969313_dec=42.0146657676511-label=1.png,2.07
Spec_Mems,184,49.6969855145771,41.9806120446948,1,sdss_ra=49.6969855145771_dec=41.9806120446948-label=1.png,6.47
Spec_Mems,189,49.4917084104085,41.9004985957316,1,sdss_ra=49.4917084104085_dec=41.9004985957316-label=1.png,4.39
Spec_Mems,193,49.6637743795543,41.9971068206255,1,sdss_ra=49.6637743795543_dec=41.9971068206255-label=1.png,21.1925
Spec_Mems,194,49.2583291006457,41.6329482608525,1,sdss_ra=49.2583291006457_dec=41.6329482608525-label=1.png,2.3425
Spec_Mems,198,49.6536369464932,41.0192114952362,1,sdss_ra=49.6536369464932_dec=41.0192114952362-label=1.png,0.545
Spec_Mems,201,49.249038431142,41.356596999995,1,sdss_ra=49.249038431142_dec=41.356596999995-label=1.png,7.5975
Spec_Mems,204,50.5904926775418,41.2415948867732,1,sdss_ra=50.5904926775418_dec=41.2415948867732-label=1.png,0.375
Spec_Mems,211,50.1068904570071,42.070353857748,1,sdss_ra=50.1068904570071_dec=42.070353857748-label=1.png,8.625
Spec_Mems,212,50.3391547714695,41.0246258201789,1,sdss_ra=50.3391547714695_dec=41.0246258201789-label=1.png,7.8025
Spec_Mems,214,49.4600235807703,41.967594658347,1,sdss_ra=49.4600235807703_dec=41.967594658347-label=1.png,17.5375
Spec_Mems,218,49.3634825275576,41.9166021599807,1,sdss_ra=49.3634825275576_dec=41.9166021599807-label=1.png,1.395
Spec_Mems,225,50.5828639706062,41.1480558524049,1,sdss_ra=50.5828639706062_dec=41.1480558524049-label=1.png,0.975
Spec_Mems,230,49.1790722767687,41.3248987108148,1,sdss_ra=49.1790722767687_dec=41.3248987108148-label=1.png,0.0
Spec_Mems,231,49.2134396725706,41.255767695952,1,sdss_ra=49.2134396725706_dec=41.255767695952-label=1.png,0.1725
Spec_Mems,232,50.2683354725156,40.9547157232033,1,sdss_ra=50.2683354725156_dec=40.9547157232033-label=1.png,12.57
Spec_Mems,234,50.0216265345616,40.9062377956518,1,sdss_ra=50.0216265345616_dec=40.9062377956518-label=1.png,2.465
Spec_Mems,241,50.5108666960756,41.9734820650858,1,sdss_ra=50.5108666960756_dec=41.9734820650858-label=1.png,0.0675
Spec_Mems,248,49.1146581784357,41.6270222115943,1,sdss_ra=49.1146581784357_dec=41.6270222115943-label=1.png,0.0
Spec_Mems,252,50.6918648366703,41.833089380956,1,sdss_ra=50.6918648366703_dec=41.833089380956-label=1.png,4.95
Spec_Mems,253,50.4285451333377,42.0475495498722,1,sdss_ra=50.4285451333377_dec=42.0475495498722-label=1.png,5.9175
Spec_Mems,255,50.7209368086076,41.2300502890432,1,sdss_ra=50.7209368086076_dec=41.2300502890432-label=1.png,7.5875
Spec_Mems,257,49.1546377561941,41.789265232571,1,sdss_ra=49.1546377561941_dec=41.789265232571-label=1.png,2.2075
Spec_Mems,261,50.2509863621935,42.1422681125483,1,sdss_ra=50.2509863621935_dec=42.1422681125483-label=1.png,8.56
Spec_Mems,264,50.2143340635918,42.1656500625065,1,sdss_ra=50.2143340635918_dec=42.1656500625065-label=1.png,2.215
Spec_Mems,266,50.4257847531576,42.0984227637665,1,sdss_ra=50.4257847531576_dec=42.0984227637665-label=1.png,4.1
Spec_Mems,267,50.622745654887,41.0504450153301,1,sdss_ra=50.622745654887_dec=41.0504450153301-label=1.png,4.6375
Spec_Mems,271,50.6945934204297,41.9412303787257,1,sdss_ra=50.6945934204297_dec=41.9412303787257-label=1.png,18.0575
Spec_Mems,272,49.7058490785794,40.8275889370729,1,sdss_ra=49.7058490785794_dec=40.8275889370729-label=1.png,2.3425
Spec_Mems,273,49.112658441068,41.1802159335769,1,sdss_ra=49.112658441068_dec=41.1802159335769-label=1.png,5.7725
Spec_Mems,274,49.4702754784142,40.8972443909435,1,sdss_ra=49.4702754784142_dec=40.8972443909435-label=1.png,6.785
