,objID,ra,dec,R_mag,r0,g_z0,u_g,g_z,g_r,g_i,r_i,r_z,petroRad_r,specObjID,z,zErr,zWarning,distance,labels,files,true_labels,pred_labels,label_diffs,aug_labels
11,1237661122388033567,49.8433339393247,41.4293429843872,14.28693,13.91953,1.594043,2.131654,1.922055,1.021379,1.532359,0.5109797,0.9006758,6.129025,1875799322759555072,0.01811284,6.345218e-06,0,6.84470627985726,1,sdss_ra=49.8433339393247_dec=41.4293429843872-label=1.png,1,1,0,b1
13,1237661122388033863,49.9367551285574,41.3986865815753,17.1254,16.75802,1.713811,2.371679,2.041801,1.170483,1.675606,0.5051231,0.8713188,18.01605,1874671498455705600,0.1352367,2.437193e-05,0,6.87935586041929,0,sdss_ra=49.9367551285574_dec=41.3986865815753-label=0.png,0,0,0,a0
22,1237661122388034402,49.9066992302963,41.3800473541336,15.79804,15.43007,1.396773,2.037449,1.725286,0.8913355,1.3637,0.4723644,0.833951,12.31191,1875796299102578688,0.01836348,1.54475e-05,0,8.18335245220294,1,sdss_ra=49.9066992302963_dec=41.3800473541336-label=1.png,1,0,1,b1
90,1237670960021505209,50.036430938291,41.7746219007254,17.46084,17.06035,1.088861,1.745869,1.446409,0.8609638,1.233713,0.3727493,0.5854454,1.572295,1875901852218845184,-4.117345e-05,7.748794e-06,0,16.198894488739,0,sdss_ra=50.036430938291_dec=41.7746219007254-label=0.png,0,0,0,b0
183,1237661055818465980,49.7233351705975,41.9871720395959,16.34774,15.97935,0.3924245,1.156849,0.7213154,0.473238,0.7244892,0.2512512,0.2480774,19.57009,1874757535240579072,-0.000225308,9.267887e-06,0,30.1504334662938,0,sdss_ra=49.7233351705975_dec=41.9871720395959-label=0.png,0,0,0,c0
296,1237661059574661957,50.7108457071058,41.0278399140509,16.33656,15.97445,1.314066,1.888941,1.637344,0.8702183,1.332084,0.4618654,0.7671261,6.796121,1875767986678163456,0.02030275,1.252935e-05,0,45.1130390648142,1,sdss_ra=50.7108457071058_dec=41.0278399140509-label=1.png,1,0,1,b1
298,1237661083199472526,50.2556036488919,40.7977786859787,13.9026,13.56451,1.520636,2.064993,1.822474,0.9838095,1.466329,0.4825191,0.8386641,15.85658,1875785578864207872,0.0203307,6.362343e-06,0,45.1308715531984,1,sdss_ra=50.2556036488919_dec=40.7977786859787-label=1.png,1,1,0,b1
299,1237661121850901466,48.9721335302735,41.3233065356787,16.07555,15.72467,1.423419,1.829842,1.736673,0.9422989,1.395979,0.45368,0.7943745,10.78255,1875835331765364736,0.01988707,1.424421e-05,0,45.3039454966871,1,sdss_ra=48.9721335302735_dec=41.3233065356787-label=1.png,1,1,0,b1
300,1237661059574007036,49.1061764946493,41.9367922608528,17.15317,16.78016,1.873536,2.328091,2.206551,1.235912,1.757078,0.5211658,0.9706383,4.629614,1875858696387454976,0.1134686,2.313029e-05,0,45.4196682329155,0,sdss_ra=49.1061764946493_dec=41.9367922608528-label=0.png,0,0,0,a0
302,1237661060111466837,50.9519056437048,41.6204392969173,17.06462,16.61131,1.918562,2.447615,2.323275,1.321404,1.882639,0.5612354,1.001871,4.655638,1875912847335122944,0.1341418,2.285199e-05,0,45.5816727415895,0,sdss_ra=50.9519056437048_dec=41.6204392969173-label=0.png,0,0,0,a0
303,1237661059574007031,49.0890527704846,41.9230261212441,17.20532,16.83377,1.06131,2.018639,1.393019,0.8555202,1.188913,0.3333931,0.5374985,1.201411,1875854023463036928,5.641227e-05,7.101396e-06,0,45.6098932205253,0,sdss_ra=49.0890527704846_dec=41.9230261212441-label=0.png,0,0,0,b0
305,1237670458048054247,49.1436803129268,41.0492190627576,17.57169,17.20682,3.077607,3.26458,3.403361,1.594614,2.75938,1.164766,1.808747,8.492776,1874700085758027776,7.356096e-05,9.71201e-06,0,45.6683658069443,0,sdss_ra=49.1436803129268_dec=41.0492190627576-label=0.png,0,0,0,a0
306,1237670959484240787,49.9267307411939,40.7520138181892,17.1099,16.81579,1.135226,1.447662,1.397802,0.7061558,1.129236,0.4230804,0.6916466,5.376661,1874659678705707008,0.05917665,7.678534e-06,0,45.6740866343135,0,sdss_ra=49.9267307411939_dec=40.7520138181892-label=0.png,0,0,0,b0
307,1237661056355665148,50.8314480952228,41.8914999051289,17.8743,17.38974,2.790933,2.86882,3.223539,1.649103,2.634937,0.9858341,1.574436,1.097414,1874785297909180416,0.0001962722,8.247331e-06,0,45.6757610419308,0,sdss_ra=50.8314480952228_dec=41.8914999051289-label=0.png,0,0,0,a0
308,1237670458048054248,49.1435614952242,41.0474722327118,14.89894,14.53405,0.9928691,1.511153,1.318635,0.7105818,1.038893,0.328311,0.6080532,9.311423,1875832582986295296,0.01346726,1.008803e-05,0,45.7369415354721,1,sdss_ra=49.1435614952242_dec=41.0474722327118-label=1.png,1,1,0,c1
309,1237661060111467225,50.9899069237698,41.5218425748519,15.52413,15.06383,0.903268,1.658798,1.314212,0.9768915,1.315731,0.3388395,0.3373203,5.548398,1875913946846750720,0.01724276,1.19705e-05,0,46.8689492992369,1,sdss_ra=50.9899069237698_dec=41.5218425748519-label=1.png,1,1,0,c1
310,1237661060110942827,49.6273957709653,42.2587475045524,16.55749,16.16067,1.342686,1.918381,1.696965,0.9018631,1.364414,0.4625511,0.7951021,5.502688,1875864468823500800,0.03067256,1.147905e-05,0,46.9572534074112,1,sdss_ra=49.6273957709653_dec=42.2587475045524-label=1.png,1,0,1,b1
311,1237661055281463720,48.9439378996082,41.7395078929187,17.88184,17.5717,0.8253079,1.202133,1.102198,0.6657906,0.9217262,0.2559357,0.4364071,1.410864,1875859246143268864,-4.591343e-05,1.303966e-05,0,46.9799896324047,0,sdss_ra=48.9439378996082_dec=41.7395078929187-label=0.png,0,0,0,c0
313,1237661055818334667,49.2399902295168,42.0929062541702,17.32918,17.00075,0.4739589,1.798862,0.7671814,0.0704155,0.2055893,0.1351738,0.6967659,1.290691,1874741317444069376,-1.559234e-06,8.095324e-06,0,47.0032112681383,0,sdss_ra=49.2399902295168_dec=42.0929062541702-label=0.png,0,0,0,c0
314,1237661121850967223,49.0350040263991,41.1270195928665,17.07481,16.75621,2.651079,2.581127,2.935519,1.541218,2.39805,0.8568325,1.394301,2.204707,1874706407949887488,3.422313e-05,7.664688e-06,0,47.1632378773527,0,sdss_ra=49.0350040263991_dec=41.1270195928665-label=0.png,0,0,0,a0
315,1237661060111467604,50.985720581235,41.6383223148305,15.84793,15.38533,1.376065,2.030025,1.789068,0.9696093,1.453778,0.484169,0.819459,11.68293,1874788321566156800,0.01693556,1.178182e-05,0,47.2372320505896,1,sdss_ra=50.985720581235_dec=41.6383223148305-label=1.png,1,1,0,b1
316,1237661056355337647,50.0447684559766,42.2991554608577,16.95404,16.53724,1.22247,1.976986,1.594582,0.9649181,1.357712,0.3927937,0.6296635,1.143182,1874748464269649920,-0.0007077045,8.489598e-06,0,47.3661877253685,0,sdss_ra=50.0447684559766_dec=42.2991554608577-label=0.png,0,0,0,b0
317,1237661059574006107,49.1416428274802,42.0258161663276,15.14049,14.78976,0.6335577,1.168643,0.946682,0.489027,0.7402754,0.2512484,0.457655,10.02698,1874728947938256896,0.01371028,9.156331e-06,0,47.3730821640137,1,sdss_ra=49.1416428274802_dec=42.0258161663276-label=1.png,1,1,0,c1
318,1237661056355729567,50.909961129442,41.8388566300465,16.15878,15.67227,9.520345,-5.665552,9.954689,8.94875,9.587044,0.6382942,1.005939,17.07143,1875910923189774336,0.04867272,1.153769e-05,0,47.3868280200071,0,sdss_ra=50.909961129442_dec=41.8388566300465-label=0.png,0,0,0,a0
319,1237661056355336751,49.9840477758326,42.3033736694793,16.38993,15.96816,0.5470132,1.356756,0.923563,0.5747356,0.7039814,0.1292458,0.3488274,1.104495,1875874914183964672,-1.041007e-05,8.224059e-06,0,47.4457367227176,0,sdss_ra=49.9840477758326_dec=42.3033736694793-label=0.png,0,0,0,c0
320,1237661056355795683,50.9760223128255,41.6974618265058,15.46951,15.00791,1.21937,1.841581,1.631474,0.8707962,1.323997,0.4532013,0.7606773,8.143772,1875912022701402112,0.02147521,8.281754e-06,0,47.4857659416447,1,sdss_ra=50.9760223128255_dec=41.6974618265058-label=1.png,1,1,0,b1
321,1237670458048054300,49.0462128380142,41.1018702961536,16.80069,16.47136,1.376746,1.676523,1.670767,0.8737602,1.309334,0.4355736,0.7970066,5.108576,1874711355752212480,0.02906277,1.678438e-05,0,47.4967922251062,1,sdss_ra=49.0462128380142_dec=41.1018702961536-label=1.png,1,1,0,b1
322,1237661122387706712,48.9051885003885,41.6620638000619,17.37859,17.07291,1.890616,2.339487,2.163523,1.242395,1.740299,0.4979038,0.9211273,4.019577,1875858971265361920,0.1466239,1.981204e-05,0,47.5859911551136,0,sdss_ra=48.9051885003885_dec=41.6620638000619-label=0.png,0,0,0,a0
323,1237661056355402095,50.1171387537954,42.2975860261316,15.63724,15.23177,1.295862,2.440371,1.657857,1.17422,1.666285,0.4920645,0.4836369,1.169385,1874749838659184640,3.534344e-05,7.320486e-06,0,47.6804906900663,0,sdss_ra=50.1171387537954_dec=42.2975860261316-label=0.png,0,0,0,b0
324,1237661055818990638,50.9622598027152,41.2827052759158,15.12637,14.71785,1.420782,1.97934,1.7855,0.9448681,1.420756,0.4758883,0.8406315,5.988981,1874630816525477888,0.01695414,5.859947e-06,0,47.75271581329,1,sdss_ra=50.9622598027152_dec=41.2827052759158-label=1.png,1,1,0,b1
325,1237661083199537555,50.3831993059255,40.7848694041795,17.52925,17.18668,0.542016,1.47776,0.8478565,0.5492516,0.7365456,0.187294,0.298605,1.198462,1875771834968860672,-0.0002134265,9.42722e-06,0,47.9380197419454,0,sdss_ra=50.3831993059255_dec=40.7848694041795-label=0.png,0,0,0,c0
326,1237661083199538294,50.3499064222245,40.7712296562893,17.52043,17.17654,1.37131,2.324448,1.678331,1.060972,1.434988,0.3740158,0.6173592,8.628189,1875775958137464832,-0.0002965812,7.921856e-06,0,48.0962176335298,0,sdss_ra=50.3499064222245_dec=40.7712296562893-label=0.png,0,0,0,b0
327,1237661060648076424,50.4891051545191,42.2059237262457,16.55109,16.11847,1.901093,2.393408,2.287331,1.256966,1.818655,0.5616894,1.030365,7.826227,1874780899862669312,0.1340203,1.895182e-05,0,48.119574488088,0,sdss_ra=50.4891051545191_dec=42.2059237262457-label=0.png,0,0,0,a0
328,1237661082662338997,49.2812279139406,40.8812178285402,14.74997,14.40288,1.377952,1.790723,1.687829,0.8990335,1.333094,0.4340601,0.7887955,5.175922,1875818564213041152,0.02195993,5.490193e-06,0,48.3735042121047,1,sdss_ra=49.2812279139406_dec=40.8812178285402-label=1.png,1,1,0,b1
329,1237661082662470657,49.6101684670368,40.7477335975658,16.73056,16.40939,1.922602,2.136969,2.209334,1.237644,1.773087,0.5354424,0.9716902,7.304821,1874683593083611136,0.140307,1.858524e-05,0,48.3748415296497,0,sdss_ra=49.6101684670368_dec=40.7477335975658-label=0.png,0,0,0,a0
330,1237661055281463453,48.9673208210788,41.8576953124708,13.98085,13.63138,1.181601,1.861374,1.493605,1.022953,1.425488,0.4025354,0.4706516,19.29256,1875854848096757760,0.01545198,7.990106e-06,0,48.5107421258866,1,sdss_ra=48.9673208210788_dec=41.8576953124708-label=1.png,1,1,0,c1
331,1237661060110877484,49.4311745138524,42.2286052823182,18.39946,18.04179,1.152706,2.62875,1.472033,0.9489288,1.283604,0.3346748,0.5231037,1.103188,1874722900624304128,-0.0002115907,8.70132e-06,0,48.7187366950386,0,sdss_ra=49.4311745138524_dec=42.2286052823182-label=0.png,0,0,0,b0
332,1237661056355336231,49.8372466203413,42.322293817278,18.01972,17.59796,1.16507,1.821505,1.541609,0.906044,1.292105,0.3860607,0.6355648,1.09588,1874734720374302720,-0.0001139543,8.85067e-06,0,48.7969165123799,0,sdss_ra=49.8372466203413_dec=42.322293817278-label=0.png,0,0,0,b0
333,1237661083198948546,48.8623519217073,41.4685722351831,17.24024,16.89979,1.904381,1.855412,2.20833,1.193502,1.769972,0.5764694,1.014828,3.983416,1874708881851049984,0.133898,1.993064e-05,0,48.8074697999989,0,sdss_ra=48.8623519217073_dec=41.4685722351831-label=0.png,0,0,0,a0
334,1237661055282119938,50.6751863248537,40.9022401829218,15.08829,14.73384,1.538195,2.056969,1.854643,0.9838409,1.47922,0.4953794,0.8708019,7.369389,1875764688143280128,0.0200484,7.539526e-06,0,49.240521285603,1,sdss_ra=50.6751863248537_dec=40.9022401829218-label=1.png,1,1,0,b1
336,1237661055282119265,50.5807289333582,40.8448839308473,15.6093,15.2633,0.4065379,1.437235,0.7154436,0.6472187,0.6362991,-0.01091957,0.06822491,1.304258,1875762763997931520,-0.0001746362,9.204387e-06,0,49.2668578003788,0,sdss_ra=50.5807289333582_dec=40.8448839308473-label=0.png,0,0,0,c0
338,1237670456974377057,50.0598063282976,40.6837511742822,14.95289,14.64794,1.239302,2.03248,1.511558,0.8683681,1.295588,0.4272203,0.6431894,15.97164,1874648958467336192,0.04804369,1.018814e-05,0,50.0230199173561,0,sdss_ra=50.0598063282976_dec=40.6837511742822-label=0.png,0,1,-1,c0
339,1237661059574726930,50.9115511390665,41.0965253572217,18.40101,18.00539,1.185082,1.72896,1.538286,0.8930626,1.2946,0.4015369,0.6452236,1.067297,1875769361067698176,-0.0001387757,1.075943e-05,0,50.1588159156796,0,sdss_ra=50.9115511390665_dec=41.0965253572217-label=0.png,0,0,0,b0
340,1237661060648141856,50.659327110689,42.1588312564176,17.36739,16.93132,1.991003,2.417315,2.380318,1.340837,1.908689,0.567852,1.03948,3.423387,1875907899532797952,0.133692,2.046734e-05,0,50.1588161954501,0,sdss_ra=50.659327110689_dec=42.1588312564176-label=0.png,0,0,0,a0
341,1237661083198948135,48.8356508972885,41.6124604148608,14.78323,14.46633,0.8609126,1.236523,1.143827,0.6357241,0.9249763,0.2892523,0.5081034,11.393,1875857871753734144,0.01987498,1.572783e-05,0,50.2338094668807,1,sdss_ra=48.8356508972885_dec=41.6124604148608-label=1.png,1,1,0,c1
342,1237661083198947611,48.825743381274,41.5253591044643,15.95496,15.62641,1.249103,1.853966,1.542421,0.8601885,1.266111,0.4059229,0.6822329,8.098501,1875857047120013312,0.02123222,1.153895e-05,0,50.362870637515,1,sdss_ra=48.825743381274_dec=41.5253591044643-label=1.png,1,1,0,b1
343,1237661083199537878,50.4419213324036,40.7602446870635,16.83858,16.48822,1.668163,2.150238,1.980955,1.047468,1.570316,0.5228481,0.9334869,4.238714,1874650882612684800,0.07352387,1.297885e-05,0,50.4104433625654,0,sdss_ra=50.4419213324036_dec=40.7602446870635-label=0.png,0,0,0,b0
344,1237661060648076906,50.6351007917694,42.1793722456531,16.80076,16.3656,1.450533,1.801378,1.839036,0.9294491,1.424999,0.4955502,0.9095869,3.479793,1874781999374297088,0.03026263,1.375025e-05,0,50.4459532587475,1,sdss_ra=50.6351007917694_dec=42.1793722456531-label=1.png,1,0,1,b1
345,1237661082662405467,49.497298975643,40.7391961287796,16.63171,16.31796,1.273945,1.734171,1.554056,0.8381977,1.244173,0.4059753,0.7158585,7.82279,1874682218694076416,0.02106308,1.335614e-05,0,50.6818968029635,1,sdss_ra=49.497298975643_dec=40.7391961287796-label=1.png,1,1,0,b1
346,1237661055818269623,49.1304387813903,42.0992272338053,14.89194,14.55433,0.8525732,1.90081,1.153981,0.5864124,1.140981,0.5545683,0.5675688,1.189741,1875842478590945280,-0.0002664921,7.607603e-06,0,50.6897467167214,0,sdss_ra=49.1304387813903_dec=42.0992272338053-label=0.png,0,0,0,c0
347,1237661056355272123,49.7772725212463,42.352796576419,18.18231,17.76802,3.369337,2.725342,3.739212,1.511387,2.957787,1.4464,2.227825,1.15706,1875859521021175808,5.468904e-05,1.449661e-05,0,50.9461792361,0,sdss_ra=49.7772725212463_dec=42.352796576419-label=0.png,0,0,0,a0
348,1237670456974377885,50.2236981892548,40.6837022785533,16.44236,16.11057,1.40711,1.58873,1.703327,0.8628464,1.349873,0.4870262,0.8404808,7.725128,1874648408711522304,0.09898489,1.145198e-05,0,51.3156382341346,0,sdss_ra=50.2236981892548_dec=40.6837022785533-label=0.png,0,0,0,b0
349,1237661121850966924,48.9153264598696,41.1468848756804,15.91354,15.62441,1.245635,1.764587,1.503764,0.8236885,1.236082,0.4123936,0.6800756,11.12766,1874707232583608320,0.0134515,1.439006e-05,0,51.4013067775143,1,sdss_ra=48.9153264598696_dec=41.1468848756804-label=1.png,1,1,0,b1
350,1237661083199537812,50.392689983479,40.7223875170622,14.57255,14.21835,1.405482,1.912029,1.721705,0.92101,1.365589,0.4445791,0.8006954,13.27806,1874648683589429248,0.01434225,5.14583e-06,0,51.547996737411,1,sdss_ra=50.392689983479_dec=40.7223875170622-label=1.png,1,1,0,b1
351,1237661055281398564,48.8838489852174,41.8454547051162,18.03139,17.68139,0.7146868,1.455112,1.027166,0.641119,0.9122486,0.2711296,0.3860474,1.509108,1875856772242106368,-0.0001631515,1.263787e-05,0,51.6347737712977,0,sdss_ra=48.8838489852174_dec=41.8454547051162-label=0.png,0,0,0,c0
353,1237661082662469674,49.4980021031657,40.7198358890543,16.04704,15.72924,1.368919,2.02562,1.652641,0.8763332,1.309441,0.4331074,0.7763081,7.950086,1874682768449890304,0.01944931,1.112726e-05,0,51.7369483606591,1,sdss_ra=49.4980021031657_dec=40.7198358890543-label=1.png,1,1,0,b1
354,1237661060648142281,50.7603594455135,42.1267670463534,18.36423,17.89335,3.372005,2.398745,3.792402,1.583422,3.011545,1.428123,2.208981,1.267813,1874780624984762368,-8.4481e-05,1.716985e-05,0,51.7624080817717,0,sdss_ra=50.7603594455135_dec=42.1267670463534-label=0.png,0,0,0,a0
355,1237661060110877406,49.4845986322621,42.3047035400657,17.48233,17.11286,0.3506857,1.22843,0.6805344,0.4254894,0.3859692,-0.03952026,0.2550449,1.235853,1874735819885930496,-8.345622e-05,8.293768e-06,0,51.7844240517251,0,sdss_ra=49.4845986322621_dec=42.3047035400657-label=0.png,0,0,0,c0
356,1237661055282119405,50.6306356936401,40.8168741884625,13.81122,13.44758,1.500033,2.077314,1.824678,0.984148,1.502861,0.518713,0.8405304,11.03382,1875764138387466240,0.02116046,6.541808e-06,0,51.9552281878248,1,sdss_ra=50.6306356936401_dec=40.8168741884625-label=1.png,1,1,0,b1
358,1237661056355270780,49.6355480664535,42.3475207139779,15.29619,14.89577,0.916478,2.041439,1.273972,0.9772234,1.426121,0.4488974,0.2967482,1.051848,1875864743701407744,-8.348617e-05,6.913862e-06,0,51.9559633390275,0,sdss_ra=49.6355480664535_dec=42.3475207139779-label=0.png,0,0,0,c0
359,1237661056355271307,49.7636086529033,42.3723366762161,16.28262,15.87054,1.14926,1.944115,1.517159,0.993763,1.333214,0.3394508,0.5233965,7.288965,1875862269800245248,-9.202588e-05,7.098779e-06,0,52.1976910349704,0,sdss_ra=49.7636086529033_dec=42.3723366762161-label=0.png,0,0,0,b0
360,1237661060648076332,50.521865938273,42.277384766444,17.67147,17.23327,1.156011,2.129715,1.547226,0.9310799,1.324265,0.3931847,0.6161461,0.9556338,1874779525473134592,-5.820033e-05,8.495444e-06,0,52.5615213576374,0,sdss_ra=50.521865938273_dec=42.277384766444-label=0.png,0,0,0,b0
361,1237661056355336608,50.0367335929315,42.386893006074,18.00362,17.5914,1.663796,2.53367,2.031811,1.192905,1.721355,0.52845,0.8389053,1.068074,1875874639306057728,6.220781e-05,9.194643e-06,0,52.5812845522797,0,sdss_ra=50.0367335929315_dec=42.386893006074-label=0.png,0,0,0,a0
362,1237661060648207425,50.8608254934521,42.0641195481593,15.41746,14.92989,1.301159,1.822176,1.736446,0.9292355,1.388463,0.4592276,0.8072109,7.107899,1874784748153366528,0.01207428,7.423647e-06,0,52.5867374507631,1,sdss_ra=50.8608254934521_dec=42.0641195481593-label=1.png,1,1,0,b1
363,1237661056355271729,49.634595687003,42.3638011409005,17.66251,17.26297,0.5936757,1.292772,0.9503784,0.5949955,0.8227787,0.2277832,0.3553829,1.103277,1874735545008023552,-0.000275655,1.036429e-05,0,52.9085906799611,0,sdss_ra=49.634595687003_dec=42.3638011409005-label=0.png,0,0,0,c0
364,1237661060647879365,50.0608736437233,42.3959376987476,16.80243,16.39431,0.4718267,1.229675,0.8361816,0.5272179,0.710886,0.1836681,0.3089638,1.12289,1874748189391742976,6.667236e-05,1.011661e-05,0,53.2146663634732,0,sdss_ra=50.0608736437233_dec=42.3959376987476-label=0.png,0,0,0,c0
365,1237661083198882431,48.7685249818334,41.621662395221,17.19127,16.87517,1.856471,-0.3462982,2.138683,7.915106,6.262064,-1.653042,-5.776423,27.92067,1874721801112676352,6.799698e-05,9.778866e-06,0,53.2881022206836,0,sdss_ra=48.7685249818334_dec=41.621662395221-label=0.png,0,0,0,a0
366,1237661060648142251,50.7728707340684,42.1548318988859,17.08984,16.61067,1.449692,2.010464,1.877485,0.9731598,1.497828,0.5246677,0.9043255,2.477354,1874777601327785984,0.0300825,1.040357e-05,0,53.353541784651,1,sdss_ra=50.7728707340684_dec=42.1548318988859-label=1.png,1,0,1,b1
367,1237661082662404399,49.3758046018718,40.7310835648968,18.41571,18.07899,1.996473,2.428968,2.297092,1.383581,1.958189,0.5746078,0.9135113,1.247712,1874693488688261120,3.84129e-05,8.774301e-06,0,53.547846630632,0,sdss_ra=49.3758046018718_dec=40.7310835648968-label=0.png,0,0,0,a0
368,1237661082662143331,48.8676453923026,41.1364787996163,18.29476,18.00646,0.7195289,1.292755,0.9769173,0.5624104,0.7989578,0.2365475,0.4145069,1.681474,1875832857864202240,-0.0003005431,1.367174e-05,0,53.6149332864111,0,sdss_ra=48.8676453923026_dec=41.1364787996163-label=0.png,0,0,0,c0
369,1237661060111533533,51.1355276367864,41.433311657008,17.40362,16.96265,1.86679,2.226931,2.260481,1.253019,1.775805,0.5227852,1.007462,4.200923,1875759740340955136,0.1329013,2.2116e-05,0,53.6584014537942,0,sdss_ra=51.1355276367864_dec=41.433311657008-label=0.png,0,0,0,a0
370,1237661055819055277,51.0749515424255,41.224575464436,15.7277,15.29795,0.7562009,1.908726,1.139871,0.8036652,1.113621,0.3099556,0.3362055,1.168474,1874631091403384832,-7.330342e-05,6.639327e-06,0,53.6711794626527,0,sdss_ra=51.0749515424255_dec=41.224575464436-label=0.png,0,0,0,c0
371,1237661056355795571,51.1315299463184,41.6464196814115,19.70734,19.18191,2.060749,3.162252,2.529842,1.692287,2.455963,0.7636757,0.8375549,1.502464,1875924941963028480,-7.943783e-05,1.103575e-05,0,53.7753013975259,0,sdss_ra=51.1315299463184_dec=41.6464196814115-label=0.png,0,0,0,a0
372,1237661060111533592,51.1374334769642,41.4125210456669,18.16482,17.73228,1.411138,2.320559,1.797302,1.041634,1.467316,0.4256821,0.7556686,1.117669,1874629442135943168,-5.208704e-05,8.856081e-06,0,53.8777061730109,0,sdss_ra=51.1374334769642_dec=41.4125210456669-label=0.png,0,0,0,b0
373,1237661056355861288,51.1412815521373,41.609468382209,15.43159,14.919,1.456478,1.999529,1.914104,1.03334,1.560168,0.5268278,0.880764,11.20403,1874799041804527616,0.01729418,8.892115e-06,0,53.9408395757484,1,sdss_ra=51.1412815521373_dec=41.609468382209-label=1.png,1,0,1,b1
374,1237661059573940968,49.0041204213546,42.0743046434246,13.60587,13.2528,1.760837,1.918015,2.076048,1.048133,1.607894,0.559761,1.027915,18.65188,1875837805666527232,0.01773069,8.491793e-06,0,53.9591546623193,1,sdss_ra=49.0041204213546_dec=42.0743046434246-label=1.png,1,0,1,b1
376,1237661060648273066,51.0139111014145,41.9335956108045,17.03672,16.52591,1.956858,2.301186,2.412901,1.321621,1.922663,0.6010418,1.09128,4.432404,1874783923519645696,0.1317853,2.284114e-05,0,54.0420081088994,0,sdss_ra=51.0139111014145_dec=41.9335956108045-label=0.png,0,0,0,a0
377,1237661082662470265,49.5805984801759,40.6531057030732,20.11857,19.77992,-6.582778,0.6169319,-6.280441,-0.3885403,-0.5134125,-0.1248722,-5.891901,2.96963,1875808118852577280,-0.0002089115,8.21908e-06,0,54.1908198902162,0,sdss_ra=49.5805984801759_dec=40.6531057030732-label=0.png,0,0,0,c0
378,1237661060647944737,50.2804942339568,42.3835527322384,20.56704,20.1627,3.823171,-2.108322,4.184155,2.240324,3.278835,1.038511,1.94383,0.07385831,1875896079782799360,-0.0003437999,3.359867e-05,0,54.3096538695512,0,sdss_ra=50.2804942339568_dec=42.3835527322384-label=0.png,0,0,0,a0
379,1237661059573940976,49.0183336755299,42.0984241044678,16.89591,16.54453,1.279648,1.513586,1.593351,0.8166676,1.265963,0.449295,0.7766838,5.381564,1874729222816163840,0.0522308,6.833742e-06,0,54.38088693291,0,sdss_ra=49.0183336755299_dec=42.0984241044678-label=0.png,0,1,-1,b0
380,1237661059574727887,50.8952178591798,40.9529823482827,15.3705,14.93225,1.365907,1.983223,1.757169,0.9396458,1.403405,0.4637594,0.817523,8.58972,1875767162044442624,0.01717085,9.090286e-06,0,54.4162860397912,1,sdss_ra=50.8952178591798_dec=40.9529823482827-label=1.png,1,1,0,b1
382,1237661083199603130,50.5484190894291,40.7267906856859,13.64529,13.28963,1.400439,1.907742,1.71797,0.9110003,1.395683,0.484683,0.8069696,23.04688,1875761939364210688,0.01588627,5.722723e-06,0,54.4563372479633,1,sdss_ra=50.5484190894291_dec=40.7267906856859-label=1.png,1,1,0,b1
383,1237661060648075727,50.6161884532614,42.2740119475645,15.95685,15.50092,1.237106,1.614958,1.644148,0.7892132,1.299572,0.5103588,0.8549347,7.573721,1875907349776984064,0.05157453,1.747777e-05,0,54.5747491036938,0,sdss_ra=50.6161884532614_dec=42.2740119475645-label=0.png,0,0,0,b0
384,1237661055281398360,48.814591287797,41.8513021762184,16.61205,16.25823,0.8552024,1.368578,1.171091,0.636776,0.9321957,0.2954197,0.5343151,6.306865,1875858421509548032,0.01654623,6.943804e-06,0,54.6378902307114,1,sdss_ra=48.814591287797_dec=41.8513021762184-label=1.png,1,1,0,c1
386,1237661060648010248,50.4324000040505,42.3509872007144,14.57135,14.14375,1.324571,1.899597,1.706315,0.9138002,1.353143,0.4393425,0.7925148,16.0451,1875895804904892416,0.01442219,6.977088e-06,0,54.7483642553396,1,sdss_ra=50.4324000040505_dec=42.3509872007144-label=1.png,1,1,0,b1
387,1237661060648076005,50.6812804056591,42.2478958775343,17.62628,17.16743,1.827866,2.621763,2.23752,1.366211,1.910975,0.5447636,0.8713093,1.012352,1874778700839413760,-6.804891e-05,8.144127e-06,0,54.9592997864553,0,sdss_ra=50.6812804056591_dec=42.2478958775343-label=0.png,0,0,0,a0
388,1237661060648076533,50.6011920286567,42.2893780270191,15.65457,15.19404,1.461907,1.734997,1.873065,0.9365625,1.470486,0.5339231,0.9365025,8.466434,1874782549130110976,0.05104142,1.072113e-05,0,54.9875045932573,0,sdss_ra=50.6011920286567_dec=42.2893780270191-label=0.png,0,0,0,b0
389,1237661083198883105,48.7169832165962,41.5528871518602,17.59016,17.26951,1.749327,2.019068,2.035597,1.074995,1.622238,0.5472431,0.9606018,2.917651,1875847426393270272,0.04945709,1.757126e-05,0,55.2831396018349,0,sdss_ra=48.7169832165962_dec=41.5528871518602-label=0.png,0,0,0,a0
390,1237661059573941600,48.8917128555829,41.9964016734936,17.49291,17.13134,1.86023,2.365858,2.183035,1.200672,1.754763,0.5540905,0.9823627,4.245584,1875857321997920256,0.1140969,2.359585e-05,0,55.4136627167857,0,sdss_ra=48.8917128555829_dec=41.9964016734936-label=0.png,0,0,0,a0
392,1237661082662274296,49.0754826456069,40.85574066358,16.86248,16.49683,1.438783,1.753357,1.765226,0.9185009,1.40106,0.4825592,0.8467255,4.908267,1874694313321981952,0.08394597,8.862306e-06,0,55.706669348443,0,sdss_ra=49.0754826456069_dec=40.85574066358-label=0.png,0,0,0,b0
393,1237661055818269291,49.2059844993647,42.2624912159406,16.64254,16.29476,0.4561414,1.261053,0.7666302,0.5040569,-0.6804295,-1.184486,0.2625732,1.123755,1874725649403373568,-0.0001472127,9.769495e-06,0,55.8239901154005,0,sdss_ra=49.2059844993647_dec=42.2624912159406-label=0.png,0,0,0,c0
394,1237661082662536282,49.722295910877,40.5957363849562,14.11405,13.78588,1.421678,1.764321,1.714664,0.8862448,1.330673,0.4444284,0.8284197,19.27443,1875808943486298112,0.02066853,8.006014e-06,0,55.9703655612307,1,sdss_ra=49.722295910877_dec=40.5957363849562-label=1.png,1,1,0,b1
395,1237661059574728029,50.986836708338,41.0033102049317,18.14481,17.68827,1.249075,2.013315,1.656668,0.8754978,1.32535,0.449852,0.7811699,1.912008,1875766612288628736,0.04805253,2.065415e-05,0,56.0048076152365,0,sdss_ra=50.986836708338_dec=41.0033102049317-label=0.png,0,0,0,b0
396,1237661055819055316,51.1543212159141,41.2793382697264,14.92688,14.494,1.476823,2.067036,1.863289,0.9991856,1.499064,0.4998789,0.8641033,13.17373,1875757816195606528,0.0169786,7.546479e-06,0,56.1340723149457,1,sdss_ra=51.1543212159141_dec=41.2793382697264-label=1.png,1,1,0,b1
397,1237661060110811855,49.2296735908279,42.2840887974487,16.24557,15.89553,1.884076,2.197065,2.196588,1.107761,1.748917,0.6411552,1.088826,7.330727,1874727573548722176,0.06585727,7.500473e-06,0,56.2608725621992,0,sdss_ra=49.2296735908279_dec=42.2840887974487-label=0.png,0,0,0,a0
398,1237661056355796112,51.1600796572641,41.7588847738103,17.70998,17.1285,1.862801,2.642864,2.381933,1.437826,2.047041,0.6092148,0.9441071,1.187464,1874797117659179008,-0.0001376124,8.230859e-06,0,56.37387158159,0,sdss_ra=51.1600796572641_dec=41.7588847738103-label=0.png,0,0,0,a0
399,1237661060648142171,50.7940681767533,42.2131495856771,18.95513,18.47404,0.9864849,1.378874,1.415985,0.7342129,1.167566,0.4333534,0.6817722,1.053691,1875906250265356288,-0.0001376921,1.385976e-05,0,56.5497578191284,0,sdss_ra=50.7940681767533_dec=42.2131495856771-label=0.png,0,0,0,b0
400,1237661060648337540,51.1069462903506,41.8873549736261,16.41111,15.84478,1.532842,1.964096,2.038446,1.033112,1.610188,0.577076,1.005335,7.458454,1875922193183959040,0.0938821,1.79676e-05,0,56.6194471316257,0,sdss_ra=51.1069462903506_dec=41.8873549736261-label=0.png,0,0,0,b0
401,1237661121314291775,49.2510236074909,40.7281320360475,14.17121,13.80892,1.436535,2.004123,1.759979,0.9473019,1.406192,0.45889,0.8126774,9.314263,1874692938932447232,0.02737217,4.757354e-06,0,56.6296468017037,1,sdss_ra=49.2510236074909_dec=40.7281320360475-label=1.png,1,1,0,b1
402,1237661060648141485,50.8338993400904,42.1910520048288,16.95099,16.45621,0.4587376,1.358212,0.9004612,0.5519524,0.7714825,0.2195301,0.3485088,1.068258,1874789970833598464,-0.0001979838,9.825116e-06,0,56.8044385650212,0,sdss_ra=50.8338993400904_dec=42.1910520048288-label=0.png,0,0,0,c0
403,1237661083198882246,48.6832314953595,41.5655230820538,17.91452,17.59487,0.1015935,1.195738,0.3869705,0.4004135,0.5489616,0.1485481,-0.01344299,1.259872,1874720976478955520,-3.831806e-05,1.340249e-05,0,56.8290397979408,0,sdss_ra=48.6832314953595_dec=41.5655230820538-label=0.png,0,0,0,c0
404,1237661082662273073,49.0032391223616,40.8856886815822,14.00603,13.63414,0.9739469,2.08687,1.305964,0.5870056,1.044667,0.4576616,0.7189579,31.28934,1874700635513841664,0.01567403,6.950316e-06,0,56.8435919847597,1,sdss_ra=49.0032391223616_dec=40.8856886815822-label=1.png,1,1,0,c1
405,1237661056355860661,51.2066505225869,41.6440675521102,16.76617,16.20848,1.858234,2.709131,2.356121,1.324669,1.929039,0.6043701,1.031452,6.812673,1874797392537085952,0.1347685,1.606314e-05,0,57.0928912686389,0,sdss_ra=51.2066505225869_dec=41.6440675521102-label=0.png,0,0,0,a0
406,1237661060110876948,49.4300206261821,42.3850839205011,13.96537,13.59853,1.558168,1.956136,1.885675,0.9566956,1.407924,0.4512281,0.9289799,14.9877,1875850175172339712,0.01606388,5.854825e-06,0,57.1738216998516,1,sdss_ra=49.4300206261821_dec=42.3850839205011-label=1.png,1,1,0,b1
407,1237661082662208008,48.9287526257379,40.9428095786314,16.9272,16.57164,1.516732,1.918373,1.834169,0.9975929,1.452951,0.4553585,0.8365765,4.339712,1874705858194073600,0.09035153,1.428473e-05,0,57.2784429141378,0,sdss_ra=48.9287526257379_dec=40.9428095786314-label=0.png,0,0,0,b0
408,1237661082662142406,48.7788700811964,41.1247256953214,16.39734,16.1048,0.5439647,1.419991,0.8051395,0.5485172,0.7182732,0.1697559,0.2566223,1.252959,1874706133071980544,-0.000147911,9.275785e-06,0,57.5533422200945,0,sdss_ra=48.7788700811964_dec=41.1247256953214-label=0.png,0,0,0,c0
409,1237661060110877680,49.3655055678773,42.3695930141794,16.40257,16.03822,1.74193,2.117916,2.067215,1.159113,1.6322,0.4730873,0.908102,8.633196,1874722625746397184,0.1134639,1.56958e-05,0,57.5643382525837,0,sdss_ra=49.3655055678773_dec=42.3695930141794-label=0.png,0,0,0,b0
410,1237661121850835724,48.6692625261231,41.436922957429,16.43541,16.11089,1.818728,2.123632,2.108448,1.191008,1.697131,0.5061235,0.9174404,6.965913,1875836981032806400,0.1343239,1.631626e-05,0,57.6078583238423,0,sdss_ra=48.6692625261231_dec=41.436922957429-label=0.png,0,0,0,a0
411,1237661060648142407,50.8713291819557,42.1949071571564,17.71635,17.21779,1.329388,2.424379,1.774492,1.077694,1.532234,0.4545403,0.6967983,1.213414,1875919169526982656,1.628123e-05,7.925869e-06,0,58.1460246345979,0,sdss_ra=50.8713291819557_dec=42.1949071571564-label=0.png,0,0,0,b0
412,1237661060648010077,50.4509051150321,42.407964060622,15.47682,15.04232,0.6208049,1.546827,1.008718,0.8228245,0.9506588,0.1278343,0.185894,1.056149,1874771828891740160,-0.0001709965,9.188759e-06,0,58.2137241432608,0,sdss_ra=50.4509051150321_dec=42.407964060622-label=0.png,0,0,0,c0
413,1237661060647813761,49.9340709001186,42.4880374103113,16.11009,15.71043,1.771108,2.714291,2.127913,1.321571,1.824553,0.5029812,0.8063421,1.060253,1875874089550243840,-4.719618e-05,8.207486e-06,0,58.4989547007278,0,sdss_ra=49.9340709001186_dec=42.4880374103113-label=0.png,0,0,0,a0
414,1237661060648141541,50.8727769799306,42.2068509632142,16.95234,16.45632,0.5218807,1.451571,0.9647179,0.6080513,0.8520699,0.2440186,0.3566666,1.139802,1874788871321970688,-0.0001452494,9.995889e-06,0,58.6952721976718,0,sdss_ra=50.8727769799306_dec=42.2068509632142-label=0.png,0,0,0,c0
415,1237661060647945307,50.2580702924226,42.4640669712729,17.42912,17.03631,0.5649734,1.293554,0.9156666,0.5403137,0.7419949,0.2016811,0.3753529,1.128309,1875895255149078528,-0.0001611379,1.089314e-05,0,58.723295025388,0,sdss_ra=50.2580702924226_dec=42.4640669712729-label=0.png,0,0,0,c0
416,1237661060648273257,51.109660894591,41.9659777261192,16.99465,16.44015,1.512584,2.054365,2.007629,1.060694,1.590759,0.5300655,0.9469357,2.630881,1874795743269644288,0.05011893,1.137801e-05,0,58.7298649748359,0,sdss_ra=51.109660894591_dec=41.9659777261192-label=0.png,0,0,0,b0
417,1237661121850835214,48.6577858520055,41.3434107945358,17.12452,16.80532,0.3314286,1.285181,0.6164055,0.4570885,0.6142101,0.1571217,0.159317,3.961951,1875844402736293888,-0.0002275398,9.673754e-06,0,58.8709749854135,0,sdss_ra=48.6577858520055_dec=41.3434107945358-label=0.png,0,0,0,c0
418,1237661060111598698,51.2619551688177,41.4759484792633,18.00911,17.55297,1.040923,2.31082,1.448153,0.9282875,1.270382,0.3420944,0.519865,1.049319,1874634115060361216,-6.789166e-05,8.695206e-06,0,59.1505136121513,0,sdss_ra=51.2619551688177_dec=41.4759484792633-label=0.png,0,0,0,b0
419,1237661121314292105,49.3041720844732,40.6535389207672,16.78915,16.40525,1.775147,2.097054,2.117881,1.182009,1.672277,0.4902687,0.9358721,4.481614,1875817739579320320,0.1002237,1.964831e-05,0,59.1961485130497,0,sdss_ra=49.3041720844732_dec=40.6535389207672-label=0.png,0,0,0,a0
420,1237661055818269700,48.9950992875098,42.202434811265,16.04229,15.67362,1.544549,1.983706,1.873695,0.9954529,1.497737,0.502284,0.8782425,8.689791,1875841653957224448,0.05093984,9.025919e-06,0,59.3208941301036,0,sdss_ra=48.9950992875098_dec=42.202434811265-label=0.png,0,0,0,b0
421,1237661059573941386,48.8623262194927,42.0854073670253,17.88108,17.52051,2.624351,2.854763,2.94626,1.51586,2.41514,0.8992805,1.430401,1.246938,1875841104201410560,-0.0002182834,8.895866e-06,0,59.4270651539552,0,sdss_ra=48.8623262194927_dec=42.0854073670253-label=0.png,0,0,0,a0
423,1237661060648206921,50.9938965251125,42.1275495946039,15.37766,14.87597,0.5920247,1.448372,1.039925,0.7288179,1.115165,0.3863468,0.3111067,1.013448,1875915321236285440,-0.0002081654,8.724962e-06,0,59.5955614846965,0,sdss_ra=50.9938965251125_dec=42.1275495946039-label=0.png,0,0,0,c0
424,1237661055281397988,48.6833880461758,41.8239379945861,16.78457,16.43329,0.6422633,1.519812,0.9558773,0.5987835,0.845787,0.2470036,0.3570938,1.315814,1875844677614200832,-9.073159e-05,9.362311e-06,0,59.6136729941557,0,sdss_ra=48.6833880461758_dec=41.8239379945861-label=0.png,0,0,0,c0
425,1237661121314291919,49.2479648290389,40.6699850650919,15.56998,15.18384,1.334686,2.083231,1.679426,0.8565817,1.363576,0.5069942,0.8228445,8.580728,1875820488358389760,0.01839729,9.286311e-06,0,59.6431982089407,1,sdss_ra=49.2479648290389_dec=40.6699850650919-label=1.png,1,1,0,b1
426,1237661121314226605,49.190056043144,40.6975360574531,13.93708,13.5592,1.560732,2.009337,1.898096,0.9895067,1.519182,0.5296755,0.9085894,5.911086,1875827360306063360,0.01972095,6.926071e-06,0,59.7045567102311,1,sdss_ra=49.190056043144_dec=40.6975360574531-label=1.png,1,1,0,b1
427,1237661056892470016,50.7840964552478,42.2932091873004,16.43625,15.92576,1.471223,2.177513,1.926975,1.031366,1.537758,0.5063915,0.8956089,7.540575,1874778151083599872,0.04060997,1.220321e-05,0,59.909666129932,0,sdss_ra=50.7840964552478_dec=42.2932091873004-label=0.png,0,0,0,b0
428,1237661056355206187,49.4838929979724,42.4515697977566,18.16767,17.79149,1.270232,2.180464,1.606075,0.9718132,1.347729,0.3759155,0.6342621,1.168182,1875850724928153600,-0.0003504036,1.343155e-05,0,59.9721393272488,0,sdss_ra=49.4838929979724_dec=42.4515697977566-label=0.png,0,0,0,b0
429,1237661056892404892,50.7140393382475,42.3357981349764,16.38413,15.86461,1.771455,2.314802,2.235275,1.174082,1.760001,0.5859194,1.061193,4.375351,1875904326120007680,0.05033886,1.360191e-05,0,60.0827867524321,0,sdss_ra=50.7140393382475_dec=42.3357981349764-label=0.png,0,0,0,a0
430,1237661083198817003,48.6425585775407,41.7433515826554,16.49429,16.15649,1.509263,2.053366,1.810841,0.9607849,1.451626,0.4908409,0.8500557,6.022709,1875846052003735552,0.06015253,1.543938e-05,0,60.0972298991443,0,sdss_ra=48.6425585775407_dec=41.7433515826554-label=0.png,0,0,0,b0
431,1237661056355860783,51.2807346341432,41.6510600365245,17.05836,16.47453,0.5387815,1.446524,1.060011,0.6310043,0.8996353,0.268631,0.4290066,1.244168,1875925216840935424,-0.0002430043,1.008492e-05,0,60.4407947346933,0,sdss_ra=51.2807346341432_dec=41.6510600365245-label=0.png,0,0,0,c0
432,1237661056892470511,50.9054825839582,42.2389242519893,16.60393,16.10957,2.515849,2.565311,2.9572,1.577929,2.449819,0.8718901,1.379272,1.133069,1874793269368481792,0.0001068786,8.773608e-06,0,61.0836210287908,0,sdss_ra=50.9054825839582_dec=42.2389242519893-label=0.png,0,0,0,a0
433,1237661059573875412,48.7893064048841,42.0553289525252,14.96016,14.59417,1.395171,1.945011,1.721919,0.9327192,1.395144,0.4624243,0.7891998,8.046925,1875846601759549440,0.01342772,6.325118e-06,0,61.1525843072169,1,sdss_ra=48.7893064048841_dec=42.0553289525252-label=1.png,1,1,0,b1
435,1237661121850770329,48.5863456008832,41.465140006986,15.36392,15.04641,1.378679,1.747753,1.662146,0.9030361,1.349643,0.4466066,0.7591095,13.49686,1874707782339422208,0.02071088,1.005927e-05,0,61.2080256376708,1,sdss_ra=48.5863456008832_dec=41.465140006986-label=1.png,1,1,0,b1
436,1237661055281332943,48.6458536851715,41.8254748486878,14.06599,13.71536,-0.003210664,1.424882,0.3098269,0.287816,0.2168026,-0.07101345,0.0220108,1.279355,1875843852980480000,-5.013993e-05,7.004496e-06,16,61.2412269625603,0,sdss_ra=48.6458536851715_dec=41.8254748486878-label=0.png,0,0,0,c0
438,1237661060647879001,50.1749543131418,42.5200595848872,15.2196,14.82065,1.410976,1.974342,1.767156,0.9960194,1.481257,0.4852381,0.7711363,11.61689,1874747914513836032,0.05056941,8.061084e-06,0,61.2682864785242,0,sdss_ra=50.1749543131418_dec=42.5200595848872-label=0.png,0,1,-1,b0
439,1237670458047923362,48.9406977555747,40.8279231634155,18.01754,17.60856,1.828493,1.992903,2.193617,1.29907,1.816288,0.5172176,0.8945465,2.086303,1875831208596760576,0.1950882,2.342031e-05,0,61.2734654589386,0,sdss_ra=48.9406977555747_dec=40.8279231634155-label=0.png,0,0,0,a0
440,1237661055818203752,48.928599141721,42.1996862826588,15.03018,14.66464,0.1713228,1.84158,0.4976673,0.4325628,0.6645851,0.2320223,0.06510448,1.098041,1874716303554537472,-8.9819e-06,8.181383e-06,0,61.3759727118332,0,sdss_ra=48.928599141721_dec=42.1996862826588-label=0.png,0,0,0,c0
441,1237661082662207602,48.7916756309215,40.9691402637866,16.42833,16.12156,0.9617298,1.788231,1.235608,0.7847137,1.075104,0.29039,0.4508944,1.179164,1874709706484770816,4.465235e-05,7.646048e-06,0,61.486806543652,0,sdss_ra=48.7916756309215_dec=40.9691402637866-label=0.png,0,0,0,c0
442,1237661060648338376,51.189872367601,41.9553728787053,17.58689,17.01306,2.128528,2.821596,2.640831,1.528976,2.219198,0.6902218,1.111855,1.138784,1874796567903365120,3.902658e-05,8.923914e-06,0,61.6633517369645,0,sdss_ra=51.189872367601_dec=41.9553728787053-label=0.png,0,0,0,a0
443,1237661121851491097,50.3289818337135,40.5257925540216,16.98603,16.64873,1.973796,2.178986,2.274929,1.289692,1.846457,0.5567646,0.9852371,5.776468,1874648133833615360,0.1545012,2.441008e-05,0,61.7142816916917,0,sdss_ra=50.3289818337135_dec=40.5257925540216-label=0.png,0,0,0,a0
444,1237661059574792700,51.017670566837,40.8738083412458,15.6034,15.14755,1.484476,2.130173,1.891447,1.017776,1.537887,0.5201111,0.8736715,7.459401,1875750669370025984,0.04675542,1.011672e-05,0,61.719263118213,0,sdss_ra=51.017670566837_dec=40.8738083412458-label=0.png,0,0,0,b0
446,1237661056892339711,50.6362156333654,42.4049065973424,17.11948,16.61989,1.530077,1.922028,1.976107,1.057156,1.58066,0.5235043,0.918951,3.999886,1874780075228948480,0.04983185,1.323046e-05,0,61.721358301612,0,sdss_ra=50.6362156333654_dec=42.4049065973424-label=0.png,0,0,0,b0
447,1237661059573875305,48.7558884557909,42.0358196969263,13.49529,13.12787,1.191448,1.684914,1.519475,0.824338,1.172055,0.3477173,0.695137,18.63357,1875845227370014720,0.02313472,2.55762e-05,16,61.8286004783472,1,sdss_ra=48.7558884557909_dec=42.0358196969263-label=1.png,1,0,1,c1
449,1237661060647814117,49.7816248707958,42.5383502408442,15.78296,15.37947,1.382151,1.915312,1.742379,0.9260273,1.403811,0.4777832,0.8163519,8.179729,1874734445496395776,0.01367478,1.097009e-05,0,61.9534093977365,1,sdss_ra=49.7816248707958_dec=42.5383502408442-label=1.png,1,1,0,b1
450,1237661056355861928,51.3236755063676,41.6053236421502,16.34688,15.79793,1.701019,2.706278,2.191114,1.345469,1.896015,0.5505466,0.8456459,1.02992,1874799316682434560,-2.036079e-05,8.703631e-06,0,62.0674840944118,0,sdss_ra=51.3236755063676_dec=41.6053236421502-label=0.png,0,0,0,a0
451,1237661056355140289,49.4761016750641,42.4878707549307,18.04379,17.67135,0.0008765012,1.192526,0.3333778,0.280962,0.3151321,0.03417015,0.05241585,1.274296,1875849075660711936,-0.0002913947,1.643775e-05,0,62.1361257124796,0,sdss_ra=49.4761016750641_dec=42.4878707549307-label=0.png,0,0,0,c0
452,1237661056355926311,51.3304877321882,41.4733423345263,16.29915,15.82987,0.2380897,1.258677,0.657053,0.4437313,0.5587692,0.1150379,0.2133217,1.182902,1874633565304547328,-0.0001579709,9.976537e-06,0,62.2353190197376,0,sdss_ra=51.3304877321882_dec=41.4733423345263-label=0.png,0,0,0,c0
453,1237661082662601335,49.9394530893591,40.4756031811612,22.63131,22.34282,0.9715639,-4.208059,1.229118,1.562729,8.304342,6.741613,-0.3336105,2.969726,1875783654718859264,0.0181783,1.335638e-05,0,62.2506741633154,1,sdss_ra=49.9394530893591_dec=40.4756031811612-label=1.png,1,1,0,b1
454,1237661060110812331,49.2433763744831,42.410841038532,15.82885,15.46031,1.485428,1.729362,1.814446,0.9587345,1.452749,0.4940147,0.8557119,4.337243,1875852374195595264,0.05095926,8.592454e-06,0,62.3373745983433,0,sdss_ra=49.2433763744831_dec=42.410841038532-label=0.png,0,1,-1,b0
455,1237661121314423474,49.6276266900848,40.5023961343027,17.0044,16.66553,0.7041258,1.127781,1.00667,0.5198212,0.80686,0.2870388,0.4868488,5.723423,1875804820317693952,0.02647903,4.615405e-06,0,62.3391636083012,1,sdss_ra=49.6276266900848_dec=40.5023961343027-label=1.png,1,0,1,c1
456,1237661060647878982,50.1046709847148,42.5471132496396,13.61577,13.21624,1.619624,2.256425,1.976323,1.037221,1.560881,0.5236597,0.9391022,16.61467,1875871065893267456,0.01329865,6.307248e-06,0,62.4389512506669,1,sdss_ra=50.1046709847148_dec=42.5471132496396-label=1.png,1,1,0,b1
457,1237661056892536136,51.0592189428819,42.1450391127034,18.36177,17.84864,2.05302,2.405008,2.511133,1.484402,2.107002,0.6226006,1.026731,1.216323,1875919444404889600,6.60429e-05,9.900769e-06,0,62.541799732662,0,sdss_ra=51.0592189428819_dec=42.1450391127034-label=0.png,0,0,0,a0
458,1237661060648403831,51.2830787082916,41.8154668896013,17.41555,16.81019,2.031996,2.263208,2.572447,1.404943,2.031084,0.6261406,1.167503,3.461638,1874798492048713728,0.1348505,2.672645e-05,0,62.5869718937433,0,sdss_ra=51.2830787082916_dec=41.8154668896013-label=0.png,0,0,0,a0
459,1237661055281332657,48.7053092148642,41.9936127009544,15.03006,14.66127,1.12529,2.168709,1.454538,0.9798813,1.428738,0.4488564,0.4746571,5.784685,1875846326881642496,0.0496169,8.375434e-06,0,62.5993646312589,0,sdss_ra=48.7053092148642_dec=41.9936127009544-label=0.png,0,1,-1,c0
460,1237661055282250828,50.9551610667638,40.7959226300874,15.9026,15.4867,2.685824,2.850698,3.057127,1.530478,2.503156,0.9726782,1.526649,1.39962,1874627243112687616,5.173667e-05,8.358315e-06,0,62.666581024985,0,sdss_ra=50.9551610667638_dec=40.7959226300874-label=0.png,0,0,0,a0
461,1237661055281332839,48.620463650466,41.8547348379106,17.32033,16.96806,1.625575,2.078648,1.940069,1.091068,1.571148,0.4800797,0.8490009,2.519863,1875844127858386944,0.1013357,1.62707e-05,0,62.8629556261023,0,sdss_ra=48.620463650466_dec=41.8547348379106-label=0.png,0,0,0,b0
463,1237661082662666523,50.063422903731,40.4667073569063,16.15029,15.85096,0.8589753,1.788063,1.126213,0.7494678,0.9939861,0.2445183,0.3767452,1.165177,1875782555207231488,-6.607265e-05,6.898028e-06,0,63.0056973684142,0,sdss_ra=50.063422903731_dec=40.4667073569063-label=0.png,0,0,0,c0
464,1237661060111598991,51.3403005738884,41.4034927057852,18.28741,17.83492,1.200389,2.050114,1.604355,0.9701195,1.339203,0.3690834,0.6342354,1.150788,1874630266769664000,-0.0001088616,8.877299e-06,0,63.0084536195764,0,sdss_ra=51.3403005738884_dec=41.4034927057852-label=0.png,0,0,0,b0
465,1237661121314423751,49.5269571169237,40.5095196528228,19.2366,18.86987,0.8704272,1.935884,1.197836,0.6763573,0.9668674,0.2905102,0.5214787,2.522311,2721305635579783168,-4.951052e-05,2.050864e-05,0,63.1421990281109,0,sdss_ra=49.5269571169237_dec=40.5095196528228-label=0.png,0,0,0,c0
466,1237661121850769886,48.5448212684546,41.4273405208483,18.16516,17.85456,1.704006,1.783201,1.981308,0.8912125,1.478582,0.5873699,1.090096,2.466993,1875846876637456384,-0.000134262,1.403762e-05,0,63.2346583777247,0,sdss_ra=48.5448212684546_dec=41.4273405208483-label=0.png,0,0,0,a0
467,1237661060647814765,49.9861892034089,42.5667509304414,17.25346,16.85307,1.63134,2.240353,1.9888,1.114553,1.628735,0.5141811,0.8742466,3.790522,1874749563781277696,0.08769684,1.8726e-05,0,63.2435383745222,0,sdss_ra=49.9861892034089_dec=42.5667509304414-label=0.png,0,0,0,b0
468,1237661083198816801,48.5620486888057,41.7202085592515,17.21956,16.8823,0.7264072,1.493677,1.027504,0.6562099,0.9012184,0.2450085,0.371294,1.34281,1875840554445596672,-0.0001123768,8.751404e-06,0,63.3404744846527,0,sdss_ra=48.5620486888057_dec=41.7202085592515-label=0.png,0,0,0,c0
469,1237661060648273134,51.1563558481196,42.0698025531769,16.58581,16.01303,1.808107,2.063856,2.319474,1.179789,1.807118,0.6273298,1.139686,5.898683,1875920269038610432,0.05024163,1.029026e-05,0,63.5911576677082,0,sdss_ra=51.1563558481196_dec=42.0698025531769-label=0.png,0,0,0,a0
470,1237661055282250873,50.9372557884695,40.7600859834048,17.76153,17.34639,0.8787974,1.694031,1.249428,0.7378464,1.043177,0.3053303,0.5115814,1.241291,1875750119614212096,4.588564e-05,8.823062e-06,0,63.598849259624,0,sdss_ra=50.9372557884695_dec=40.7600859834048-label=0.png,0,0,0,c0
471,1237661121314357553,49.4065307484722,40.5310213154681,16.28517,15.87795,1.32013,1.797499,1.683681,0.9045143,1.354853,0.4503384,0.7791672,5.15665,1875818289335134208,0.02109367,1.043099e-05,0,63.7963673919398,1,sdss_ra=49.4065307484722_dec=40.5310213154681-label=1.png,1,1,0,b1
472,1237661056355205202,49.5574556140697,42.5379813089467,14.48129,14.10126,1.483703,1.923766,1.82298,0.9605446,1.447325,0.4867802,0.8624353,20.85744,1875863094433966080,0.01951313,9.430671e-06,0,63.8931244780241,1,sdss_ra=49.5574556140697_dec=42.5379813089467-label=1.png,1,1,0,b1
473,1237661060647879034,50.1138428624217,42.5722008100723,17.71422,17.31124,1.524821,2.106737,1.88459,1.018745,1.494158,0.4754124,0.8658447,2.343192,1874749288903370752,0.01384527,1.550745e-05,0,63.980956851097,1,sdss_ra=50.1138428624217_dec=42.5722008100723-label=1.png,1,0,1,b1
474,1237661082662666255,49.9805054017103,40.445799184218,17.32494,17.0389,0.7352105,1.496799,0.9905796,0.6506119,0.8823605,0.2317486,0.3399677,1.320549,1874660503339427840,-3.911145e-05,8.492219e-06,0,64.0563524410344,0,sdss_ra=49.9805054017103_dec=40.445799184218-label=0.png,0,0,0,c0
475,1237670458047923125,48.9456480684545,40.7571859041331,14.39866,13.96897,1.468495,2.08914,1.852117,0.9969711,1.484103,0.4871321,0.8551455,13.56221,1875829284451411968,0.01837141,6.008818e-06,0,64.0573229639195,1,sdss_ra=48.9456480684545_dec=40.7571859041331-label=1.png,1,1,0,b1
476,1237661056892470240,50.8899282051463,42.3187837469614,17.10106,16.57688,1.725254,2.102016,2.193226,1.234228,1.787849,0.5536213,0.9589977,4.502816,1874792994490574848,0.1057407,2.145841e-05,0,64.1110490570734,0,sdss_ra=50.8899282051463_dec=42.3187837469614-label=0.png,0,0,0,a0
477,1237661059573875949,48.825033651139,42.1827514319452,16.3901,16.02925,1.913686,2.217915,2.235846,1.126942,1.721335,0.5943937,1.108904,7.179711,1874713829653374976,0.04939651,1.522155e-05,0,64.2459460095873,0,sdss_ra=48.825033651139_dec=42.1827514319452-label=0.png,0,0,0,a0
478,1237661055281332573,48.6892242548331,42.0303713642122,17.62676,17.25648,0.5652977,1.259987,0.895874,0.5712185,0.7908821,0.2196636,0.3246555,1.18277,1875844952492107776,-0.0003238567,9.882737e-06,0,64.2605697869369,0,sdss_ra=48.6892242548331_dec=42.0303713642122-label=0.png,0,0,0,c0
480,1237661082662076657,48.5763237718695,41.2098527596716,15.13803,14.83689,1.38963,1.828815,1.658479,0.8638296,1.302078,0.4382486,0.7946491,12.27798,1874706957705701376,0.01992861,1.029104e-05,0,64.338085065223,1,sdss_ra=48.5763237718695_dec=41.2098527596716-label=1.png,1,1,0,b1
481,1237661056892534933,51.0281289449059,42.2238595977703,15.40316,14.89527,1.496003,2.074963,1.949438,1.066751,1.582051,0.5153008,0.8826876,12.02711,1874790520589412352,0.0116185,7.817328e-06,0,64.4456457941025,1,sdss_ra=51.0281289449059_dec=42.2238595977703-label=1.png,1,0,1,b1
482,1237661082662077153,48.6321064286056,41.090559117504,17.61257,17.32168,-0.35783,0.7055969,-0.09812927,-0.3086796,-0.1614342,0.1472454,0.2105503,2.713901,1875834507131643904,0.0399176,7.421577e-06,16,64.4496184092322,0,sdss_ra=48.6321064286056_dec=41.090559117504-label=0.png,0,0,0,c0
483,1237661056892469565,50.8925552991626,42.3258748903816,16.73322,16.20516,0.5427984,1.454494,1.014238,0.6413059,0.8729973,0.2316914,0.3729324,1.320454,1875917795137447936,1.636236e-05,8.336867e-06,0,64.507635056004,0,sdss_ra=50.8925552991626_dec=42.3258748903816-label=0.png,0,0,0,c0
484,1237661121314226948,49.0866247668645,40.6552491062305,18.28584,17.88681,0.9479296,1.820833,1.304173,0.8151512,1.135462,0.3203106,0.4890213,2.249332,1875826810550249472,-0.0002242615,1.085631e-05,0,64.5144406855112,0,sdss_ra=49.0866247668645_dec=40.6552491062305-label=0.png,0,0,0,c0
485,1237661121314292578,49.1980205216965,40.5978656725146,17.41758,16.98224,0.5333351,1.418783,0.9219971,0.5866489,0.8128109,0.226162,0.3353481,2.25316,1874693213810354176,-0.0001248681,1.173388e-05,0,64.5204341929159,0,sdss_ra=49.1980205216965_dec=40.5978656725146-label=0.png,0,0,0,c0
486,1237661121314357344,49.325120442905,40.5449368250328,18.02714,17.58904,2.21664,3.941219,2.607771,1.632032,2.225252,0.5932198,0.9757385,3.079412,1874690739909191680,0.1353004,2.796853e-05,0,64.5437770921432,0,sdss_ra=49.325120442905_dec=40.5449368250328-label=0.png,0,0,0,a0
487,1237661056892470094,50.8647768052482,42.3456781433967,16.04128,15.50135,1.749112,2.334867,2.23115,1.19297,1.800658,0.607688,1.038179,10.14285,1875917520259540992,0.05015002,1.348236e-05,0,64.6128115838624,0,sdss_ra=50.8647768052482_dec=42.3456781433967-label=0.png,0,0,0,a0
488,1237661060648338505,51.2556621309122,41.9760984908956,16.98424,16.40836,1.063365,2.067631,1.57749,0.9674873,1.32337,0.3558826,0.6100025,1.235391,1874794094002202624,-4.889059e-05,6.724071e-06,0,64.8489588055513,0,sdss_ra=51.2556621309122_dec=41.9760984908956-label=0.png,0,0,0,b0
489,1237661082662011435,48.5351120609148,41.2920993587255,13.99408,13.67335,1.435175,2.117133,1.721511,0.8889799,1.413216,0.5242357,0.832531,15.94403,1874710805996398592,0.01523407,5.031558e-06,0,64.8966137257324,1,sdss_ra=48.5351120609148_dec=41.2920993587255-label=1.png,1,1,0,b1
490,1237661056355140014,49.4481643252086,42.5294129939519,16.66713,16.29915,3.233531,2.594587,3.56205,1.519388,2.639477,1.120089,2.042662,1.043204,1874734995252209664,-6.762087e-06,1.538018e-05,0,64.901204289735,0,sdss_ra=49.4481643252086_dec=42.5294129939519-label=0.png,0,0,0,a0
491,1237661121850770173,48.5014006844111,41.5220602576772,16.32497,16.03182,1.021527,2.038063,1.283243,0.8349705,1.131073,0.2961025,0.4482727,2.029916,1875847701271177216,-0.000214062,6.408344e-06,0,64.9317466069974,0,sdss_ra=48.5014006844111_dec=41.5220602576772-label=0.png,0,0,0,c0
492,1237670458047923012,48.9759371893891,40.7097952991864,17.39293,16.95757,1.216652,1.487423,1.605331,0.7918663,1.293646,0.5017796,0.8134651,3.830887,1875826535672342528,0.08397523,6.707423e-06,0,65.1826381035489,0,sdss_ra=48.9759371893891_dec=40.7097952991864-label=0.png,0,1,-1,b0
493,1237661060110747066,49.1436829884668,42.4219384089768,16.07504,15.70382,1.884052,1.998447,2.215474,1.122017,1.702626,0.5806093,1.093457,9.620396,1874724824769652736,0.05158978,1.336656e-05,0,65.2441058787585,0,sdss_ra=49.1436829884668_dec=42.4219384089768-label=0.png,0,0,0,a0
494,1237670458047922489,48.8476326579619,40.806746132156,18.22365,17.81593,2.442582,2.733606,2.806583,1.549255,2.33849,0.7892342,1.257328,2.156142,1874702009903376384,-7.994251e-05,9.958286e-06,0,65.2757415864811,0,sdss_ra=48.8476326579619_dec=40.806746132156-label=0.png,0,0,0,a0
495,1237661121850704905,48.4927533247023,41.5585830686931,15.09757,14.8039,1.46363,1.93771,1.725811,0.9135637,1.366965,0.4534016,0.8122473,9.168753,1874718777455699968,0.0185237,6.76496e-06,0,65.3565515649136,1,sdss_ra=48.4927533247023_dec=41.5585830686931-label=1.png,1,1,0,b1
496,1237661059574793432,51.188497771739,40.9522278460891,19.10466,18.62563,2.144482,2.748579,2.572151,1.536354,2.287386,0.7510319,1.035797,0.9914612,1874633840182454272,-2.543974e-05,9.294237e-06,0,65.3607095508663,0,sdss_ra=51.188497771739_dec=40.9522278460891-label=0.png,0,0,0,a0
497,1237661056892600569,51.1685482381538,42.1122283222418,17.16803,16.59426,2.122739,2.741562,2.634983,1.502382,2.23011,0.7277279,1.132601,1.087398,1874791894978947072,3.692886e-05,8.2368e-06,0,65.4041399117053,0,sdss_ra=51.1685482381538_dec=42.1122283222418-label=0.png,0,0,0,a0
498,1237661082662077451,48.5610940159968,41.1764082316558,16.19962,15.89849,1.397155,1.849161,1.665998,0.8987808,1.329036,0.4302549,0.7672167,7.195932,1875833682497923072,0.029084,1.162445e-05,0,65.6014393520407,1,sdss_ra=48.5610940159968_dec=41.1764082316558-label=1.png,1,1,0,b1
499,1237661056892470451,50.9682007493473,42.302358819989,15.24121,14.72852,1.409751,2.047291,1.867471,1.004478,1.527778,0.5233002,0.8629932,18.29025,1875918894649075712,0.01876864,1.029527e-05,0,65.7494357760284,1,sdss_ra=50.9682007493473_dec=42.302358819989-label=1.png,1,0,1,b1
500,1237660978508988638,51.3738578890984,41.2739034606811,17.3607,16.93493,1.649994,2.555712,2.030113,1.251926,1.693022,0.4410954,0.7781868,1.998809,1874629991891757056,-5.584603e-05,8.727062e-06,0,65.8208645850273,0,sdss_ra=51.3738578890984_dec=41.2739034606811-label=0.png,0,0,0,a0
501,1237661055282250414,51.0183719738762,40.7684762726827,17.12963,16.67547,1.815194,2.1437,2.220665,1.22492,1.760113,0.5351925,0.9957447,5.294717,1875754792538630144,0.1334424,2.449775e-05,0,65.8850760095117,0,sdss_ra=51.0183719738762_dec=40.7684762726827-label=0.png,0,0,0,a0
503,1237661060648338080,51.3238402274791,41.9024906974886,16.07513,15.50978,1.878203,7.226591,2.382936,1.322643,2.162539,0.8398962,1.060292,7.241049,1875921918306052096,-0.0002436377,8.003118e-06,0,65.961264995122,0,sdss_ra=51.3238402274791_dec=41.9024906974886-label=0.png,0,1,-1,a0
504,1237661056892404742,50.7544179430946,42.4342508777437,18.45266,17.92795,1.459164,2.516682,1.927608,1.179901,1.652079,0.4721775,0.7477074,1.22165,1875907624654891008,7.602484e-05,1.003412e-05,0,65.9751632998169,0,sdss_ra=50.7544179430946_dec=42.4342508777437-label=0.png,0,0,0,a0
505,1237661055281332463,48.6578579746966,42.0496473297987,18.16153,17.78826,0.04971196,1.350857,0.3829575,0.2173805,0.4458847,0.2285042,0.1655769,1.233397,2721425207469303808,-0.0001528899,8.89174e-06,0,66.0413768915099,0,sdss_ra=48.6578579746966_dec=42.0496473297987-label=0.png,0,0,0,c0
506,1237661059574858802,51.1292044640197,40.8615492272467,17.6918,17.21988,1.438783,2.000923,1.860096,1.050941,1.47965,0.428709,0.8091545,3.287822,1875754517660723200,0.1333366,1.93033e-05,0,66.174621830801,0,sdss_ra=51.1292044640197_dec=40.8615492272467-label=0.png,0,0,0,b0
508,1237660978508988461,51.3731021722514,41.2408564981026,13.57253,13.14438,1.445404,2.077024,1.827649,0.9544907,1.456781,0.5022907,0.8731585,12.10684,1874632465792919552,0.02068283,5.996485e-06,0,66.2642634939324,1,sdss_ra=51.3731021722514_dec=41.2408564981026-label=1.png,1,1,0,b1
509,1237661055282250449,51.0416806611273,40.7776942774097,17.67845,17.21724,0.294237,1.251129,0.7059956,0.4605732,0.624712,0.1641388,0.2454224,1.119793,1874627517990594560,-4.153011e-05,1.101777e-05,0,66.2909650527446,0,sdss_ra=51.0416806611273_dec=40.7776942774097-label=0.png,0,0,0,c0
510,1237661056892601583,51.2060855538703,42.0987395712542,17.50512,16.91495,0.495322,1.38908,1.022219,0.6117802,0.8814087,0.2696285,0.4104385,1.15526,1874793819124295680,-0.0002970407,1.106624e-05,0,66.3859466872577,0,sdss_ra=51.2060855538703_dec=42.0987395712542-label=0.png,0,0,0,c0
511,1237670960557851025,48.6822549774468,40.9464533847457,16.8629,16.58012,1.423877,1.862213,1.676336,0.9146557,1.336109,0.4214535,0.7616806,3.713489,1874705308438259712,0.05159545,1.225614e-05,0,66.4176474229049,0,sdss_ra=48.6822549774468_dec=40.9464533847457-label=0.png,0,0,0,b0
512,1237670960557850868,48.7240815969897,40.8953158203424,15.88878,15.57531,0.6853682,1.606573,0.9652271,0.612196,0.8443928,0.2321968,0.3530312,1.737083,1875831483474667520,-7.453944e-05,7.288017e-06,0,66.4824236973907,0,sdss_ra=48.7240815969897_dec=40.8953158203424-label=0.png,0,0,0,c0
513,1237661056892469347,50.8932010823354,42.3703760815915,16.31768,15.77084,1.610598,2.187555,2.098804,1.112232,1.664116,0.5518837,0.9865723,6.813269,1875916145870006272,0.05113396,1.276823e-05,0,66.5579675683833,0,sdss_ra=50.8932010823354_dec=42.3703760815915-label=0.png,0,0,0,a0
514,1237661121314357326,49.3714734179225,40.4912913538127,16.89431,16.4493,-1.523356,2.933849,-1.126062,4.806606,5.196501,0.3898945,-5.932669,2.969843,1874693763566168064,-9.420732e-05,1.295328e-05,0,66.6116571004669,0,sdss_ra=49.3714734179225_dec=40.4912913538127-label=0.png,0,1,-1,c0
515,1237661082662077426,48.5421540424298,41.1653888500425,17.9562,17.65056,1.985944,2.943592,2.258812,1.368494,1.93737,0.5688763,0.8903179,1.294231,1875834782009550848,-0.0001585719,8.918236e-06,0,66.6227720155477,0,sdss_ra=48.5421540424298_dec=41.1653888500425-label=0.png,0,0,0,a0
516,1237661060647813202,49.8495039478366,42.6226093090709,17.52165,17.10657,1.493808,1.94132,1.864388,0.9862137,1.496067,0.5098534,0.8781738,2.322806,1874746815002208256,0.05044746,1.31223e-05,0,66.7111639351137,0,sdss_ra=49.8495039478366_dec=42.6226093090709-label=0.png,0,0,0,b0
517,1237661056892600598,51.1982673133107,42.1206834211359,16.56364,15.9785,0.162695,1.154665,0.6850986,0.3496475,0.5747299,0.2250824,0.3354511,7.065433,1874792719612667904,0.0297828,3.232853e-05,0,66.7907957165794,1,sdss_ra=51.1982673133107_dec=42.1206834211359-label=1.png,1,1,0,c1
518,1237661060648403012,51.3561679324944,41.8765255658226,20.7023,20.14447,1.788204,-0.4786835,2.286217,4.410528,6.143118,1.73259,-2.124311,2.969954,1875921368550238208,-7.848705e-05,1.783625e-05,0,66.8047265123814,0,sdss_ra=51.3561679324944_dec=41.8765255658226-label=0.png,0,0,0,a0
519,1237661059573874818,48.7727101478848,42.2179841474826,18.62355,18.23694,1.604068,1.719713,1.949223,1.140469,1.56146,0.4209919,0.808754,1.356768,1875838630300248064,-1.446602e-05,8.890389e-06,0,67.3816863089742,0,sdss_ra=48.7727101478848_dec=42.2179841474826-label=0.png,0,0,0,a0
520,1237661056892470129,50.9067337813439,42.3824187130221,17.05629,16.50777,0.7672998,1.640326,1.257004,0.7700539,1.075256,0.3052025,0.4869499,1.121753,1874788596444063744,-0.0001391727,7.935677e-06,0,67.4970509400216,0,sdss_ra=50.9067337813439_dec=42.3824187130221-label=0.png,0,0,0,c0
521,1237661056355927080,51.4467562174237,41.5952211551287,17.29776,16.77422,1.744289,2.58865,2.211695,1.262512,1.844515,0.5820026,0.9491825,1.089259,1874798217170806784,-6.207391e-05,7.964266e-06,0,67.5312641135834,0,sdss_ra=51.4467562174237_dec=41.5952211551287-label=0.png,0,0,0,a0
522,1237661121314357993,49.4434197516661,40.4509838744582,17.47161,17.0282,1.915542,2.13274,2.311413,1.290615,1.831797,0.5411816,1.020798,4.981112,1875817189823506432,0.1345895,2.6925e-05,0,67.6811312655653,0,sdss_ra=49.4434197516661_dec=40.4509838744582-label=0.png,0,0,0,a0
523,1237661060648403284,51.3866323915207,41.8539709388034,16.34092,15.79002,1.96082,2.380573,2.452648,1.394423,1.994131,0.5997086,1.058226,8.435381,1874794918635923456,0.1346599,2.221008e-05,0,67.6858692456474,0,sdss_ra=51.3866323915207_dec=41.8539709388034-label=0.png,0,0,0,a0
524,1237661055818204072,48.9050285742338,42.3345714647922,16.70261,16.32122,1.816844,2.172316,2.157343,1.198481,1.722281,0.5237999,0.9588623,3.487019,1874712455263840256,0.1132032,1.866681e-05,0,67.7616961019535,0,sdss_ra=48.9050285742338_dec=42.3345714647922-label=0.png,0,0,0,a0
525,1237670458047922299,48.814060627578,40.7727351950793,17.6414,17.24114,1.783145,2.214861,2.140486,1.236156,1.761192,0.5250359,0.9043293,2.130994,1875829559329318912,0.1362077,1.904316e-05,0,67.7663587653251,0,sdss_ra=48.814060627578_dec=40.7727351950793-label=0.png,0,0,0,a0
526,1237661056892404774,50.7866731556862,42.4578661138709,17.98614,17.46173,2.89359,2.768423,3.361769,1.637381,2.745378,1.107998,1.724388,1.213454,1874781724496390144,0.0001646085,9.889195e-06,0,67.9453338391208,0,sdss_ra=50.7866731556862_dec=42.4578661138709-label=0.png,0,0,0,a0
527,1237661121314423651,49.6405535058458,40.4043855455915,17.76702,17.40145,0.3897983,1.324881,0.7161713,0.4523315,0.6524162,0.2000847,0.2638397,2.103106,1874683867961518080,-0.0001895638,1.220003e-05,0,67.9536478190822,0,sdss_ra=49.6405535058458_dec=40.4043855455915-label=0.png,0,0,0,c0
528,1237661055281332287,48.5498365377613,41.9667437146651,18.37156,17.99889,1.87365,3.338152,2.206362,1.378328,1.814053,0.4357243,0.8280334,1.306303,1874720426723141632,-2.676786e-05,8.382635e-06,0,68.2035843397867,0,sdss_ra=48.5498365377613_dec=41.9667437146651-label=0.png,0,0,0,a0
529,1237661082662732730,50.2344815352269,40.3931662402121,16.5771,16.25751,1.053747,1.115198,1.339072,0.7098064,1.141027,0.431221,0.6292658,3.670611,1874646759444080640,0.1466234,1.0625e-05,0,68.4496108908533,0,sdss_ra=50.2344815352269_dec=40.3931662402121-label=0.png,0,0,0,c0
530,1237661056892536169,51.1469379441416,42.226688732051,17.48527,16.93933,2.005441,2.760925,2.492844,1.463917,2.094513,0.6305962,1.028927,1.331349,1874791070345226240,-0.0001139563,9.64084e-06,0,68.6204095548646,0,sdss_ra=51.1469379441416_dec=42.226688732051-label=0.png,0,0,0,a0
531,1237661055818204112,48.9690567434147,42.3985967018289,18.05081,17.68234,0.7132727,1.667665,1.042233,0.670269,0.9070854,0.2368164,0.3719635,1.096036,1874725374525466624,-0.0001845581,9.991484e-06,0,68.7423453519489,0,sdss_ra=48.9690567434147_dec=42.3985967018289-label=0.png,0,0,0,c0
532,1237661056892208372,50.2028740193713,42.6447004788679,15.89518,15.48019,1.430558,1.845722,1.801048,0.949543,1.423352,0.4738092,0.8515053,7.028842,1874768805234763776,0.03070951,8.823161e-06,0,68.8476951304607,1,sdss_ra=50.2028740193713_dec=42.6447004788679-label=1.png,1,1,0,b1
533,1237661082662666676,50.0263502426664,40.3663027698466,15.97397,15.68057,1.287883,1.264626,1.549822,0.7608433,1.1986,0.4377565,0.7889786,6.926744,1874656655048730624,0.04717364,1.931162e-05,0,68.9024611299957,0,sdss_ra=50.0263502426664_dec=40.3663027698466-label=0.png,0,1,-1,b0
534,1237661056892536187,51.1558531870329,42.2290371825667,17.70148,17.15097,0.554222,1.403856,1.045706,0.6614285,0.8890457,0.2276173,0.3842773,1.26585,1875917245381634048,-0.0001476076,1.169969e-05,0,69.0189520337682,0,sdss_ra=51.1558531870329_dec=42.2290371825667-label=0.png,0,0,0,c0
535,1237661082662732318,50.386851235878,40.4102049934611,14.24425,13.92189,1.376474,1.827105,1.664273,0.8515854,1.290714,0.4391289,0.8126879,11.0054,1874645659932452864,0.01779299,4.950726e-06,0,69.1131820062185,1,sdss_ra=50.386851235878_dec=40.4102049934611-label=1.png,1,1,0,b1
536,1237661059574858087,51.166822630719,40.8142617226858,17.77312,17.30198,1.499001,2.119062,1.919622,0.9979305,1.51161,0.5136795,0.9216919,1.543594,1875751768881653760,0.01819903,9.865864e-06,0,69.2488535055399,1,sdss_ra=51.166822630719_dec=40.8142617226858-label=1.png,1,1,0,b1
538,1237661056892404305,50.8719296937674,42.4457323052153,16.32203,15.77744,0.4866864,1.430115,0.9728765,0.6254292,0.8475094,0.2220802,0.3474474,1.178393,1874790245711505408,-0.0001566931,9.183658e-06,0,69.5284348287557,0,sdss_ra=50.8719296937674_dec=42.4457323052153-label=0.png,0,0,0,c0
539,1237661082125467913,48.9837918855729,40.6078238757415,16.40373,16.00211,1.883726,1.953835,2.242287,1.265202,1.820232,0.5550308,0.9770851,12.08129,1875828734695598080,0.1347859,2.180964e-05,0,69.6266493347984,0,sdss_ra=48.9837918855729_dec=40.6078238757415-label=0.png,0,0,0,a0
540,1237661055818203163,48.9091422065696,42.3812117137506,24.7374,24.36683,1.951963,-4.402758,2.282804,0.4163685,0.9253922,0.5090237,1.866436,4.583954,2721445273556510720,-0.0001267789,1.685574e-05,0,69.690094975063,0,sdss_ra=48.9091422065696_dec=42.3812117137506-label=0.png,0,0,0,a0
541,1237661060647748188,49.7677634259824,42.667499723232,16.54392,16.12663,0.5273856,1.346931,0.8999348,0.5617485,0.8049927,0.2432442,0.3381863,1.278856,1875861170288617472,-2.517778e-05,8.47779e-06,0,69.7206460798058,0,sdss_ra=49.7677634259824_dec=42.667499723232-label=0.png,0,0,0,c0
542,1237661055819186305,51.3209678532488,40.976944644575,17.33672,16.86258,1.735699,5.133064,2.158998,1.331875,1.842453,0.5105782,0.8271236,1.162808,1875755067416537088,-0.0001668287,8.636709e-06,0,69.8462874961412,0,sdss_ra=51.3209678532488_dec=40.976944644575-label=0.png,0,0,0,a0
543,1237661060110746602,48.99442409467,42.4407557061582,16.79172,16.42261,1.866387,2.294628,2.195917,1.148661,1.724787,0.5761261,1.047256,4.583885,1875839729811875840,0.064183,1.541633e-05,0,70.0144986967075,0,sdss_ra=48.99442409467_dec=42.4407557061582-label=0.png,0,0,0,a0
544,1237661059573809632,48.6988785272223,42.2226951321638,13.14679,12.73983,1.726053,2.167822,2.089379,1.079991,1.647833,0.5678415,1.009388,19.25026,1875842753468852224,0.01623771,5.692622e-06,0,70.1499702877364,1,sdss_ra=48.6988785272223_dec=42.2226951321638-label=1.png,1,1,0,b1
546,1237670960557851408,48.6079993339938,40.9153144787005,17.8428,17.55317,2.122657,3.062527,2.381229,1.389406,2.00448,0.6150742,0.9918232,1.518095,1874703384292911104,2.310705e-05,1.096677e-05,0,70.2647394242835,0,sdss_ra=48.6079993339938_dec=40.9153144787005-label=0.png,0,0,0,a0
547,1237661083199734062,50.9375145929292,40.6100103460257,17.7357,17.30669,0.3459307,1.239048,0.7289486,0.4054546,0.5118752,0.1064205,0.323494,1.173322,1875751494003746816,-3.787713e-05,1.142159e-05,0,70.3217740991637,0,sdss_ra=50.9375145929292_dec=40.6100103460257-label=0.png,0,0,0,c0
548,1237661060647749098,49.839766744255,42.6829555112029,17.62867,17.20995,1.65841,1.899416,2.032232,1.071669,1.632782,0.5611134,0.9605637,3.052268,1875859795899082752,0.08086009,1.432121e-05,0,70.3525698310354,0,sdss_ra=49.839766744255_dec=42.6829555112029-label=0.png,0,0,0,a0
549,1237661121851556198,50.5206108574089,40.4232975448611,16.20988,15.87726,0.7809057,1.260944,1.077865,0.6398449,0.89884,0.2589951,0.4380198,2.406301,1874636588961523712,-6.898379e-05,7.896585e-06,0,70.3674434628614,0,sdss_ra=50.5206108574089_dec=40.4232975448611-label=0.png,0,0,0,c0
550,1237661055282315708,51.0591984432941,40.690865600133,15.84957,15.38096,1.543649,1.942265,1.96201,1.021526,1.6049,0.583374,0.940484,10.17092,1875754242782816256,0.04797809,1.578801e-05,0,70.4530976555025,0,sdss_ra=51.0591984432941_dec=40.690865600133-label=0.png,0,1,-1,b0
552,1237661121314357719,49.4146851358732,40.4091535855841,16.67528,16.20889,1.094791,2.025314,1.511179,0.9208488,1.295197,0.3743477,0.5903301,2.195002,1875819663724668928,-0.0001000273,7.264954e-06,0,70.4862554186532,0,sdss_ra=49.4146851358732_dec=40.4091535855841-label=0.png,0,0,0,b0
553,1237661056892665934,51.3343078081534,42.073085388628,16.29093,15.70168,0.6762473,1.633488,1.202313,0.7395744,1.035125,0.2955503,0.462739,1.23704,1875919994160703488,-5.362298e-05,8.242346e-06,0,70.5811212653634,0,sdss_ra=51.3343078081534_dec=42.073085388628-label=0.png,0,0,0,c0
554,1237670960557785741,48.6259058302074,40.8693356981109,17.86258,17.55432,1.680496,2.037426,1.955704,1.06069,1.562677,0.5019875,0.8950138,2.418204,1875833132742109184,0.09041613,2.316361e-05,0,71.0500670377086,0,sdss_ra=48.6259058302074_dec=40.8693356981109-label=0.png,0,0,0,b0
555,1237670459122189486,48.7657576458828,42.3092509426934,17.88048,17.48293,1.586962,2.392073,1.941881,1.131516,1.627945,0.4964294,0.8103657,1.61057,1875842203713038336,-9.221939e-05,8.275023e-06,0,71.1487917931963,0,sdss_ra=48.7657576458828_dec=42.3092509426934-label=0.png,0,0,0,b0
556,1237661121314423521,49.5347279655447,40.3679117791492,18.1331,17.69468,1.175962,2.298542,1.567373,0.9294262,1.329487,0.4000607,0.6379471,2.272707,1874681119182448640,-0.00011515,8.690433e-06,0,71.2028533540999,0,sdss_ra=49.5347279655447_dec=40.3679117791492-label=0.png,0,0,0,b0
557,1237661059574858335,51.2333505075842,40.827220328069,15.50223,15.03086,1.525776,1.809219,1.946611,1.049613,1.498158,0.4485445,0.8969984,11.15727,1875752043759560704,0.01895717,9.953805e-06,0,71.2066151057664,1,sdss_ra=51.2333505075842_dec=40.827220328069-label=1.png,1,1,0,b1
558,1237661060110746502,48.9408584939308,42.435796021595,17.61532,17.24996,2.771057,2.823315,3.097246,1.532917,2.545368,1.012451,1.564329,1.112266,1874727848426629120,5.199938e-05,1.024387e-05,0,71.258784322261,0,sdss_ra=48.9408584939308_dec=42.435796021595-label=0.png,0,0,0,a0
559,1237661056892338380,50.6342563770783,42.5874176307944,17.81889,17.35578,1.782155,2.281082,2.195616,1.250727,1.767334,0.5166073,0.9448891,2.018661,1874778975717320704,0.1130809,2.36167e-05,0,71.3670227557042,0,sdss_ra=50.6342563770783_dec=42.5874176307944-label=0.png,0,0,0,a0
560,1237661061184882154,50.7234990688136,42.5534518634238,18.34466,17.86279,0.2180833,2.353848,0.6482868,1.068001,1.095848,0.02784729,-0.419714,2.970037,1874781174740576256,0.02200905,6.865227e-06,0,71.3771870414225,1,sdss_ra=50.7234990688136_dec=42.5534518634238-label=1.png,1,1,0,c1
561,1237661061184882135,50.7244591958703,42.5533957607304,14.00273,13.52083,1.63237,2.019875,2.062603,1.083102,1.614125,0.531023,0.9795008,21.46533,1875903501486286848,0.02205018,7.26197e-06,0,71.3950118156772,1,sdss_ra=50.7244591958703_dec=42.5533957607304-label=1.png,1,1,0,b1
562,1237661082125402541,48.8476561018454,40.6582408516407,14.82547,14.41858,1.342738,1.942518,1.705997,0.9054403,1.350013,0.4445724,0.8005562,7.12497,1875837255910713344,0.02719455,6.427528e-06,0,71.421339544003,1,sdss_ra=48.8476561018454_dec=40.6582408516407-label=1.png,1,1,0,b1
563,1237661056892274004,50.5060044887857,42.6312162033724,17.69243,17.24643,0.5101531,1.456964,0.9083347,0.5622063,0.7513676,0.1891613,0.3461285,1.205443,1874779250595227648,-0.0002713837,9.630592e-06,0,71.5619841242135,0,sdss_ra=50.5060044887857_dec=42.6312162033724-label=0.png,0,0,0,c0
564,1237661056892535536,51.2147621772205,42.2445630022861,20.23495,19.65438,-1.920508,3.209951,-1.402197,1.189749,3.273552,2.083803,-2.591946,0.680968,1875915870992099328,-8.507244e-05,2.980821e-05,16,71.659005675961,0,sdss_ra=51.2147621772205_dec=42.2445630022861-label=0.png,0,0,0,c0
565,1237661059574858328,51.2406173876821,40.8205586633082,15.32665,14.85486,1.048602,2.059036,1.46981,0.9090099,1.241374,0.3323641,0.5608006,1.015443,1874626693356873728,-5.53964e-05,7.624376e-06,0,71.7079843091778,0,sdss_ra=51.2406173876821_dec=40.8205586633082-label=0.png,0,0,0,c0
566,1237670457510986524,49.3725321421868,40.396507527789,14.93248,14.4653,1.262583,1.91904,1.679672,0.8968163,1.343718,0.4469013,0.782856,9.047424,1874691289665005568,0.01334346,6.141665e-06,0,71.8696579794812,1,sdss_ra=49.3725321421868_dec=40.396507527789-label=1.png,1,1,0,b1
567,1237661056892208605,50.3291457279878,42.6785242316391,16.66591,16.2369,2.59268,2.644089,2.975693,1.555515,2.439891,0.8843756,1.420177,1.083782,1874769354990577664,7.364035e-05,8.7188e-06,0,71.9684285607366,0,sdss_ra=50.3291457279878_dec=42.6785242316391-label=0.png,0,0,0,a0
568,1237661121851556941,50.61946957608,40.4260901259345,16.93036,16.59445,1.281941,1.664415,1.581835,0.8438225,1.284903,0.4410801,0.7380123,4.831005,1874637688473151488,0.01594098,1.294365e-05,0,71.9901847420472,1,sdss_ra=50.61946957608_dec=40.4260901259345-label=1.png,1,1,0,b1
569,1237661121314423094,49.547778411001,40.3515723697814,13.67647,13.24398,1.636061,2.036269,2.022186,1.077742,1.600771,0.5230293,0.9444447,19.53586,1874679744792913920,0.01777489,5.947088e-06,0,71.9991334011313,1,sdss_ra=49.547778411001_dec=40.3515723697814-label=1.png,1,1,0,b1
570,1237670961632117610,48.7447739529323,42.3137439470148,16.58417,16.18545,1.593599,2.095348,1.949568,1.028027,1.550735,0.5227089,0.9215412,5.541923,1874711630630119424,0.0513139,1.263367e-05,0,72.0239752311099,0,sdss_ra=48.7447739529323_dec=42.3137439470148-label=0.png,0,0,0,b0
571,1237661121314489199,49.7516854055181,40.321730414094,17.14809,16.81146,0.7687492,1.476547,1.069288,0.6422806,0.8925304,0.2502499,0.4270077,2.279311,1874660778217334784,-0.0001596673,1.04432e-05,0,72.0268694357233,0,sdss_ra=49.7516854055181_dec=40.321730414094-label=0.png,0,0,0,c0
572,1237661083199734048,50.9682936735187,40.5902906068365,16.68152,16.2549,0.2318595,1.263968,0.6127396,0.407608,0.5438519,0.1362438,0.2051315,1.326874,1875749569858398208,-6.259054e-05,9.631288e-06,0,72.126060917158,0,sdss_ra=50.9682936735187_dec=40.5902906068365-label=0.png,0,0,0,c0
573,1237661082125402267,48.8053770009384,40.6710543669615,15.5108,15.10411,0.7561899,1.546602,1.119275,0.9031515,0.9118118,0.008660316,0.2161236,1.249999,1874701460147562496,-5.098778e-05,7.059032e-06,0,72.2213325804276,0,sdss_ra=48.8053770009384_dec=40.6710543669615-label=0.png,0,0,0,c0
574,1237661083199734387,50.960299825977,40.5820231770097,15.344,14.92292,1.271374,1.939032,1.647305,0.8731613,1.339064,0.4659023,0.7741432,7.795537,1874628342624315392,0.020949,7.97883e-06,0,72.2793378042742,1,sdss_ra=50.960299825977_dec=40.5820231770097-label=1.png,1,1,0,b1
575,1237660979045007656,49.5154440590446,42.6752405099203,16.03491,15.6277,1.383387,1.733263,1.746935,0.8644619,1.409683,0.5452213,0.882473,4.538235,1875862819556059136,0.08092048,4.646513e-06,0,72.3234041871191,0,sdss_ra=49.5154440590446_dec=42.6752405099203-label=0.png,0,0,0,b0
576,1237661082662732194,50.2541770108674,40.3272017076473,15.57574,15.25384,1.407948,1.799023,1.695332,0.8944988,1.338657,0.4441586,0.8008327,4.96558,1875772384724674560,0.02707627,7.957408e-06,0,72.5064388159924,1,sdss_ra=50.2541770108674_dec=40.3272017076473-label=1.png,1,1,0,b1
577,1237661121314423098,49.5692130114044,40.338658188446,17.45795,17.02896,2.136489,2.852011,2.519482,1.514406,2.105238,0.5908318,1.005075,5.835393,1874678920159193088,0.1915591,3.322302e-05,0,72.5144305424478,0,sdss_ra=49.5692130114044_dec=40.338658188446-label=0.png,0,0,0,a0
578,1237661121314489174,49.7360190330517,40.3116699610813,16.84504,16.49598,1.136233,1.937033,1.447861,0.8648319,1.212049,0.3472176,0.5830288,2.128771,1875819388846761984,-0.0001680062,6.85522e-06,0,72.7159464272829,0,sdss_ra=49.7360190330517_dec=40.3116699610813-label=0.png,0,0,0,b0
579,1237661056355074642,49.3734937626459,42.648489859565,18.22249,17.83468,0.4733867,1.27327,0.8196163,0.510273,0.7199173,0.2096443,0.3093433,1.084892,1874723725258024960,-6.61064e-06,1.240276e-05,0,72.7481902189161,0,sdss_ra=49.3734937626459_dec=42.648489859565-label=0.png,0,0,0,c0
580,1237661083199734228,50.846358375988,40.5062220387228,16.55861,16.19149,2.230735,1.336042,2.558498,2.444838,2.927479,0.4826412,0.1136608,8.931559,1875763038875838464,0.09846619,1.884375e-05,0,72.860857467376,0,sdss_ra=50.846358375988_dec=40.5062220387228-label=0.png,0,0,0,a0
581,1237661082125403230,48.855789250255,40.6149931502253,14.79132,14.39786,1.431274,1.944711,1.782549,0.9346867,1.397693,0.463006,0.8478622,6.873776,1874701185269655552,0.02704657,6.622671e-06,0,73.0690942548656,1,sdss_ra=48.855789250255_dec=40.6149931502253-label=1.png,1,1,0,b1
582,1237661121314489272,49.7676019802262,40.3022975177839,17.33196,16.99395,0.3379773,1.128988,0.6397476,0.4103603,0.5349751,0.1246147,0.2293873,2.12191,1875809218364205056,-0.0001619947,1.208136e-05,0,73.1006301252497,0,sdss_ra=49.7676019802262_dec=40.3022975177839-label=0.png,0,0,0,c0
583,1237661083199734382,50.9535219769106,40.5577986115543,13.22947,12.81731,1.569771,2.209536,1.937737,1.051386,1.567208,0.5158224,0.8863516,26.65895,1875752318637467648,0.01778358,7.351328e-06,0,73.2224710075275,1,sdss_ra=50.9535219769106_dec=40.5577986115543-label=1.png,1,1,0,b1
584,1237661061185077566,51.1558599047263,42.3412153943751,18.89691,18.29609,1.068987,1.992455,1.605387,0.8815403,1.248119,0.3665791,0.7238464,1.795607,1875916970503727104,-0.0002729466,8.779637e-06,0,73.3623498246356,0,sdss_ra=51.1558599047263_dec=42.3412153943751-label=0.png,0,0,0,b0
585,1237661055282315576,51.1519478214411,40.6908062701463,13.05658,12.58919,1.365649,2.041727,1.782924,0.9631205,1.467394,0.5042734,0.8198032,20.1375,1875753143271188480,0.01260425,5.595563e-06,0,73.5077427227115,1,sdss_ra=51.1519478214411_dec=40.6908062701463-label=1.png,1,0,1,b1
587,1237661055282315913,51.0711890013685,40.6285362214043,17.74014,17.28832,0.9037536,1.258614,1.307129,0.6461239,1.056229,0.4101048,0.661005,3.344313,1874625318967339008,0.04067058,5.610905e-06,0,73.5110589776299,0,sdss_ra=51.0711890013685_dec=40.6285362214043-label=0.png,0,0,0,c0
588,1237661121851621772,50.7974189348671,40.4645950177237,17.29385,16.93243,0.5945738,0.956625,0.9172421,0.4859428,0.6917686,0.2058258,0.4312992,3.856593,1874639887496407040,0.01101213,4.507698e-06,0,73.7703374135168,1,sdss_ra=50.7974189348671_dec=40.4645950177237-label=1.png,1,1,0,c1
589,1237661056892077722,49.9406059543841,42.7487794135188,17.67931,17.25022,1.585945,2.107548,1.96903,1.150948,1.615091,0.4641438,0.8180828,2.882877,1875872440282802176,0.1745349,2.196273e-05,0,74.1412606296258,0,sdss_ra=49.9406059543841_dec=42.7487794135188-label=0.png,0,0,0,b0
590,1237670961632117748,48.736929316512,42.3605061851814,16.97672,16.58606,1.637411,2.010834,1.986187,1.077662,1.583738,0.5060768,0.9085255,3.376958,1874713554775468032,0.06502686,1.28601e-05,0,74.165003668004,0,sdss_ra=48.736929316512_dec=42.3605061851814-label=0.png,0,0,0,b0
591,1237661055282316373,51.0747561021731,40.6115980902621,16.6374,16.19314,1.274078,1.544102,1.670698,0.8703575,1.340218,0.4698601,0.8003407,4.875374,1875749844736305152,0.04709155,1.075056e-05,0,74.3632199480778,0,sdss_ra=51.0747561021731_dec=40.6115980902621-label=0.png,0,1,-1,b0
593,1237661060110745639,49.0207519307922,42.5443179232773,19.0528,18.64158,1.647128,2.596737,2.014259,1.230474,1.700853,0.4703789,0.7837849,1.517172,1875839180056061952,-2.429013e-07,1.010528e-05,0,74.3718051809632,0,sdss_ra=49.0207519307922_dec=42.5443179232773-label=0.png,0,0,0,a0
594,1237661056892142965,50.1091578559662,42.7469075047472,17.88423,17.46409,1.510493,2.099787,1.885588,1.100275,1.564384,0.4641094,0.7853127,1.173271,1874745165734766592,-1.838159e-05,8.573959e-06,0,74.3805243102147,0,sdss_ra=50.1091578559662_dec=42.7469075047472-label=0.png,0,0,0,b0
595,1237661082662798509,50.4985655633791,40.3403006705985,16.53869,16.21611,0.8545472,1.427307,1.142537,0.5862141,0.8853836,0.2991695,0.5563231,5.281624,1875776507893278720,0.01868556,9.795852e-06,0,74.6823946800281,1,sdss_ra=50.4985655633791_dec=40.3403006705985-label=1.png,1,1,0,c1
596,1237661121314554027,49.8268259397387,40.2674183064531,16.10867,15.78989,1.541227,1.959316,1.825827,1.001766,1.482609,0.4808426,0.8240604,7.677072,1874658579194079232,0.06103776,1.078598e-05,0,74.93838868379,0,sdss_ra=49.8268259397387_dec=40.2674183064531-label=0.png,0,0,0,b0
597,1237661056355074320,49.2501420530098,42.6630874759715,15.76507,15.36986,1.499797,1.784822,1.852633,0.9378653,1.448137,0.510272,0.9147673,8.748154,1875849625416525824,0.03403811,1.442175e-05,0,75.6488291765621,0,sdss_ra=49.2501420530098_dec=42.6630874759715-label=0.png,0,1,-1,b0
598,1237660979045007610,49.5850484628056,42.745110146665,15.54778,15.12703,1.670824,2.202684,2.046453,1.082788,1.640758,0.55797,0.963666,8.021947,1875860345654896640,0.05182515,1.112895e-05,0,75.6518346728581,0,sdss_ra=49.5850484628056_dec=42.745110146665-label=0.png,0,0,0,b0
599,1237661056892208414,50.304642378151,42.7465568812758,17.15018,16.71633,1.639566,1.968157,2.026899,1.094482,1.600122,0.50564,0.9324169,2.826764,1874769080112670720,0.08106846,1.717726e-05,0,75.7017217545203,0,sdss_ra=50.304642378151_dec=42.7465568812758-label=0.png,0,0,0,a0
600,1237661061184947131,50.807191187457,42.6030793365947,17.49078,17.02146,2.345639,2.753639,2.764631,1.555435,2.28911,0.733675,1.209196,1.06656,1874789695955691520,-5.878535e-05,8.3717e-06,0,75.8041007294292,0,sdss_ra=50.807191187457_dec=42.6030793365947-label=0.png,0,0,0,a0
601,1237661121851622408,50.8298318056428,40.4341657829301,16.18501,15.80954,1.697935,2.02816,2.033147,1.093184,1.634909,0.5417252,0.9399633,8.263857,1875760839852582912,0.07317344,1.358341e-05,0,76.099321333678,0,sdss_ra=50.8298318056428_dec=40.4341657829301-label=0.png,0,0,0,b0
602,1237661082662797430,50.3114290916008,40.2536402120109,14.69758,14.36771,1.532046,2.074728,1.826543,0.9815683,1.463414,0.4818459,0.8449745,11.15444,1875775408381650944,0.02710917,6.9503e-06,0,77.3573729705966,1,sdss_ra=50.3114290916008_dec=40.2536402120109-label=1.png,1,1,0,b1
603,1237661056355075027,49.241879769767,42.6966582479725,17.08369,16.68191,1.434023,1.935621,1.792725,0.9652023,1.428734,0.4635315,0.8275223,4.032997,1875849350538618880,0.05110628,1.330384e-05,0,77.6349843661923,0,sdss_ra=49.241879769767_dec=42.6966582479725-label=0.png,0,0,0,b0
604,1237670961632248666,48.9278337314654,42.5665823069416,18.03059,17.61533,0.8304434,1.550272,1.201176,0.7230129,1.036634,0.3136215,0.4781628,1.411069,1874713005019654144,-0.0002826125,8.98324e-06,0,77.8231206647641,0,sdss_ra=48.9278337314654_dec=42.5665823069416-label=0.png,0,0,0,c0
605,1237670961632248595,48.9077668433864,42.561063815216,15.90059,15.48861,1.505739,2.051291,1.873551,0.9784832,1.482639,0.5041561,0.8950682,7.54423,1875851549561874432,0.05052659,1.044548e-05,0,78.0824125309838,0,sdss_ra=48.9077668433864_dec=42.561063815216-label=0.png,0,1,-1,b0
606,1237661056892142047,50.1724763266028,42.8041115811995,14.27341,13.84573,1.256689,1.6043,1.638514,0.8747873,1.32581,0.4510231,0.7637262,23.91352,1874749014025463808,0.0226813,1.811759e-05,0,78.1088022450325,1,sdss_ra=50.1724763266028_dec=42.8041115811995-label=1.png,1,1,0,b1
607,1237661056892142279,50.2102701478973,42.8037579442266,16.89766,16.46662,0.3573307,1.284042,0.742157,0.4996281,0.6585178,0.1588898,0.2425289,1.195595,1874767155967322112,-0.0002610033,9.669026e-06,0,78.3216427359391,0,sdss_ra=50.2102701478973_dec=42.8037579442266-label=0.png,0,0,0,c0
608,1237661121851621809,50.6890533929293,40.3315884175218,18.34277,17.98336,0.5580144,1.319725,0.8788872,0.5410461,0.713707,0.1726608,0.337841,2.497608,1875762214242117632,-0.0001392675,1.869871e-05,0,78.4731093695158,0,sdss_ra=50.6890533929293_dec=40.3315884175218-label=0.png,0,0,0,c0
609,1237661056892011347,49.7683403806194,42.8177380333317,17.75819,17.32643,1.139334,2.120041,1.524801,0.9582272,1.309757,0.3515301,0.5665741,1.058921,1874736644519651328,-8.158197e-05,8.247302e-06,0,78.6790851876026,0,sdss_ra=49.7683403806194_dec=42.8177380333317-label=0.png,0,0,0,b0
610,1237670457510920599,49.1909859669774,40.3299567565799,14.92372,14.4904,1.742643,2.17798,2.129501,1.103275,1.693753,0.5904779,1.026226,10.96229,1875827085428156416,0.0164304,1.184696e-05,0,78.8230940329155,1,sdss_ra=49.1909859669774_dec=40.3299567565799-label=1.png,1,1,0,b1
611,1237661056892142802,50.1301192492618,42.8208300834835,17.25084,16.82302,1.673952,2.098158,2.055899,1.13213,1.658489,0.5263596,0.923769,3.889501,1875892781247916032,0.09559509,1.966811e-05,0,78.8865906541606,0,sdss_ra=50.1301192492618_dec=42.8208300834835-label=0.png,0,0,0,a0
612,1237661082662863810,50.5475690537484,40.2777851976105,17.14282,16.81709,1.076223,1.886301,1.367033,0.8802299,1.198931,0.3187008,0.4868031,1.281941,1874638787984779264,-9.631387e-05,7.712013e-06,0,78.9695224284174,0,sdss_ra=50.5475690537484_dec=40.2777851976105-label=0.png,0,0,0,c0
613,1237661082662798408,50.3629763931912,40.2237536003083,16.11582,15.77666,1.63569,2.163731,1.938492,1.061932,1.542643,0.480711,0.8765602,8.473366,1875774308870023168,0.08610211,1.489606e-05,0,79.6328106316903,0,sdss_ra=50.3629763931912_dec=40.2237536003083-label=0.png,0,0,0,b0
614,1237661121314685624,50.2558563613811,40.2043877588871,17.42193,17.09223,1.333322,2.121773,1.627668,1.014158,1.382359,0.3682003,0.6135101,2.248107,1875787228131649536,5.29688e-05,7.412936e-06,0,79.765999568562,0,sdss_ra=50.2558563613811_dec=40.2043877588871-label=0.png,0,0,0,b0
615,1237661121314685666,50.2828150638462,40.2027016957025,17.53187,17.19776,1.595401,2.167341,1.893686,1.068054,1.559898,0.4918442,0.8256321,5.357884,1874647858955708416,0.1068757,2.340481e-05,0,80.0895487597899,0,sdss_ra=50.2828150638462_dec=40.2027016957025-label=0.png,0,0,0,b0
616,1237661060647618157,49.4854136517099,42.8060328792295,17.70785,17.28169,1.650799,2.714848,2.031263,1.264776,1.750959,0.4861832,0.7664871,1.130752,1875848525904898048,-9.984797e-05,8.434432e-06,0,80.2427280246102,0,sdss_ra=49.4854136517099_dec=42.8060328792295-label=0.png,0,0,0,a0
617,1237661056892077709,50.0274795628321,42.8508817560985,17.7228,17.29472,1.363956,2.152746,1.746134,1.06329,1.500282,0.4369926,0.6828442,1.1103,1874745990368487424,-0.0001892127,8.106502e-06,0,80.3472040154987,0,sdss_ra=50.0274795628321_dec=42.8508817560985-label=0.png,0,0,0,b0
618,1237661121851687072,50.852290665081,40.3551423327799,15.88184,15.49802,0.9810557,1.645203,1.323716,0.7435827,1.125994,0.382411,0.5801334,12.34268,1874624494333618176,0.01670977,1.928113e-05,0,80.6962813405787,1,sdss_ra=50.852290665081_dec=40.3551423327799-label=1.png,1,1,0,c1
619,1237661082662863113,50.5431778834567,40.2457555544258,15.09804,14.77255,1.288825,1.787316,1.579416,0.835022,1.258783,0.4237614,0.7443943,6.715582,1874638238228965376,0.01640271,5.94274e-06,0,80.7111799367506,1,sdss_ra=50.5431778834567_dec=40.2457555544258-label=1.png,1,1,0,b1
620,1237661061184881270,50.8189633429038,42.6936181930618,19.40576,18.93769,1.044716,0.03176498,1.462595,0.9575691,0.9271698,-0.03039932,0.5050259,1.460559,1874790795467319296,-9.09561e-05,1.041473e-05,0,80.775015272345,0,sdss_ra=50.8189633429038_dec=42.6936181930618-label=0.png,0,0,0,b0
621,1237670457510920517,49.2729493763286,40.2611191165874,15.08789,14.65057,1.813563,2.481157,2.203993,1.151182,1.728583,0.5774012,1.052811,11.36325,1875830658840946688,0.02724278,8.75159e-06,0,81.0969380931698,1,sdss_ra=49.2729493763286_dec=40.2611191165874-label=1.png,1,1,0,a1
622,1237661061184946362,50.8971966794167,42.6764390388824,15.58997,15.10461,0.6754899,1.591082,1.108805,0.8794355,1.16507,0.285634,0.2293692,0.9952948,1874789421077784576,1.64396e-05,7.986464e-06,0,81.6252981687182,0,sdss_ra=50.8971966794167_dec=42.6764390388824-label=0.png,0,0,0,c0
623,1237661121851687044,50.7929125225118,40.2994263359188,16.15654,15.7912,0.684782,1.046944,1.010949,0.5874348,0.8369513,0.2495165,0.4235144,11.01478,1875763588631652352,0.01401509,5.562729e-06,0,82.3111160015092,1,sdss_ra=50.7929125225118_dec=40.2994263359188-label=1.png,1,1,0,c1
624,1237661121314685567,50.1840434602769,40.1510556726462,17.73988,17.39485,0.4565521,1.060411,0.7645874,0.3311539,0.65909,0.3279362,0.4334335,3.942532,1874646484566173696,0.05957388,5.008527e-06,0,82.4298057874784,0,sdss_ra=50.1840434602769_dec=40.1510556726462-label=0.png,0,0,0,c0
625,1237661121851687040,50.7872423678805,40.2941414306012,15.40054,15.03673,1.368368,1.949141,1.693169,0.9143019,1.370829,0.4565268,0.7788668,9.005157,1874635214571988992,0.01502109,8.305426e-06,0,82.4733431275277,1,sdss_ra=50.7872423678805_dec=40.2941414306012-label=1.png,1,1,0,b1
626,1237661061184684730,50.2715135492112,42.8716903041479,15.99914,15.57799,0.4652032,1.4802,0.841198,0.5717001,0.7663631,0.194663,0.2694979,1.067868,1874771279135926272,-9.487448e-05,9.260088e-06,0,82.7841655299593,0,sdss_ra=50.2715135492112_dec=42.8716903041479-label=0.png,0,0,0,c0
627,1237661121314684969,50.1601281980495,40.1390963221686,17.87349,17.52097,1.286236,1.916546,1.60096,0.9136944,1.33004,0.4163456,0.6872654,2.785478,1875785029108393984,0.05214871,2.016009e-05,0,83.0076629052224,0,sdss_ra=50.1601281980495_dec=40.1390963221686-label=0.png,0,0,0,b0
628,1237661082125730090,49.5910025384393,40.154871353191,15.22111,14.77055,1.456968,2.030567,1.859218,0.9933414,1.482479,0.4891376,0.8658762,8.982354,1874678645281286144,0.01694419,7.461349e-06,0,83.0778235043931,1,sdss_ra=49.5910025384393_dec=40.154871353191-label=1.png,1,1,0,b1
629,1237661056355009099,49.1352509379717,42.7616782863173,16.50993,16.10908,1.293832,2.001959,1.651704,0.9428272,1.353565,0.410738,0.7088766,2.465637,1875860070776989696,-0.000158965,7.06755e-06,0,83.1592860593394,0,sdss_ra=49.1352509379717_dec=42.7616782863173-label=0.png,0,0,0,b0
630,1237661061184815793,50.6489169004129,42.8002104228943,16.82672,16.38074,1.521551,1.965435,1.919719,1.044861,1.494259,0.449398,0.8748579,5.188453,1875916420747913216,0.05201711,1.289595e-05,0,83.3027626362435,0,sdss_ra=50.6489169004129_dec=42.8002104228943-label=0.png,0,0,0,b0
631,1237661082125272668,48.4580047058737,40.6776052342535,20.15865,19.71712,0.8328114,1.690796,1.226997,0.7795734,1.03109,0.2515163,0.4474239,1.05995,2721346042632103936,-0.0002054077,2.89409e-05,0,83.9275399865679,0,sdss_ra=48.4580047058737_dec=40.6776052342535-label=0.png,0,0,0,b0
632,1237661120777552730,49.3541199123289,40.1831962134289,17.92622,17.48057,1.989999,2.267807,2.387869,1.401476,1.985615,0.5841389,0.986393,3.618593,1874691014787098624,0.1723245,3.170253e-05,0,84.2043149824631,0,sdss_ra=49.3541199123289_dec=40.1831962134289-label=0.png,0,0,0,a0
633,1237661082662864123,50.6026737825298,40.1888388770186,17.10985,16.77991,1.253852,1.674643,1.548418,0.7798615,1.20895,0.4290886,0.7685566,3.579621,1875762489120024576,0.02608409,8.060562e-06,0,84.8492662532341,1,sdss_ra=50.6026737825298_dec=40.1888388770186-label=1.png,1,0,1,b1
634,1237661121314751190,50.4160388219975,40.1430777978703,17.93896,17.60089,0.7795908,1.424599,1.081409,0.6521492,0.9405117,0.2883625,0.4292603,2.391287,1875773759114209280,-0.0002298759,1.054717e-05,0,84.9177690844428,0,sdss_ra=50.4160388219975_dec=40.1430777978703-label=0.png,0,0,0,c0
635,1237661056892011768,49.7381835090633,42.9238755183778,17.08256,16.66108,1.883533,2.905617,2.259827,1.265995,1.804947,0.5389519,0.9938316,4.622025,1875894980271171584,0.1304348,1.893662e-05,0,85.1520368005667,0,sdss_ra=49.7381835090633_dec=42.9238755183778-label=0.png,0,0,0,a0
636,1237661082125664916,49.4656584247729,40.1386106669385,16.35538,15.9156,0.9664803,2.169033,1.35911,0.8830967,1.190086,0.3069897,0.4760132,1.200057,1874680019670820864,-9.935199e-05,7.352027e-06,0,85.3118789103065,0,sdss_ra=49.4656584247729_dec=40.1386106669385-label=0.png,0,0,0,c0
637,1237661061184685197,50.1929653921713,42.9258012536611,17.08332,16.6751,1.498411,2.087202,1.862864,0.9889832,1.470507,0.4815235,0.8738804,4.241695,1875894705393264640,0.05260978,1.486672e-05,0,85.4653788937079,0,sdss_ra=50.1929653921713_dec=42.9258012536611-label=0.png,0,0,0,b0
638,1237661056892011174,49.8138142380191,42.9386441468547,16.51002,16.08684,1.787268,2.11805,2.165077,1.241135,1.718071,0.4769363,0.9239426,5.361397,1874738018909186048,0.1311488,1.960587e-05,0,85.7361443257279,0,sdss_ra=49.8138142380191_dec=42.9386441468547-label=0.png,0,0,0,a0
639,1237661060647616557,49.3161371829916,42.8640807263549,18.20697,17.78443,0.4730792,0.1641445,0.850317,0.4318218,0.7219677,0.2901459,0.4184952,1.264798,1874727023792908288,0.2357068,0.0001055589,0,85.768449387518,0,sdss_ra=49.3161371829916_dec=42.8640807263549-label=0.png,0,0,0,c0
640,1237661061184685158,50.1882589721973,42.9328949325426,16.07541,15.66701,1.490448,1.981485,1.855057,1.011,1.486392,0.4753923,0.8440571,9.355434,1874746265246394368,0.04822085,1.284042e-05,0,85.8610486650965,0,sdss_ra=50.1882589721973_dec=42.9328949325426-label=0.png,0,0,0,b0
641,1237661121314750718,50.4555196629645,40.1300623138067,16.76406,16.4312,0.791231,1.458231,1.088406,0.6511345,0.981369,0.3302345,0.4372711,6.835943,1874646209688266752,0.06362215,6.589058e-06,0,86.1377691291333,0,sdss_ra=50.4555196629645_dec=40.1300623138067-label=0.png,0,1,-1,c0
642,1237661060647617563,49.3518194006301,42.8818294066288,15.57928,15.15459,1.355752,1.872206,1.734914,0.9379539,1.389256,0.4513016,0.7969599,7.391533,1875861994922338304,0.01548665,8.761654e-06,0,86.2751367405869,1,sdss_ra=49.3518194006301_dec=42.8818294066288-label=1.png,1,1,0,b1
643,1237661061184816047,50.5548907292796,42.8838159934689,17.61084,17.15781,1.053393,2.006821,1.457846,0.8939381,1.226393,0.3324547,0.5639076,1.132507,1874777876205692928,-0.0001470699,7.705591e-06,0,86.5713625921661,0,sdss_ra=50.5548907292796_dec=42.8838159934689-label=0.png,0,0,0,b0
644,1237661061184620105,50.0652597887494,42.954601563961,16.37992,15.95569,1.3898,1.961843,1.768545,0.9450264,1.394074,0.449048,0.8235188,5.079546,1875872715160709120,0.04562841,1.176366e-05,0,86.6502859354235,0,sdss_ra=50.0652597887494_dec=42.954601563961-label=0.png,0,0,0,b0
645,1237661082125796443,49.8622559727579,40.0664944813347,17.125,16.64526,3.129071,2.551435,3.557374,1.572657,2.838091,1.265434,1.984717,1.040957,1874657479682451456,3.534396e-05,9.373553e-06,0,86.8810425586987,0,sdss_ra=49.8622559727579_dec=40.0664944813347-label=0.png,0,0,0,a0
646,1237661056891946513,49.6343721161156,42.9453649141633,18.01908,17.60213,0.7495402,2.157372,1.12178,1.135569,0.9724827,-0.1630859,-0.01378822,1.243283,1875893605881636864,-0.0001824001,1.272025e-05,0,87.0487604808385,0,sdss_ra=49.6343721161156_dec=42.9453649141633-label=0.png,0,0,0,c0
647,1237661061184619260,50.0412874848972,42.9626492472529,14.95002,14.52303,1.138123,1.914467,1.519324,0.9027319,1.327225,0.4244928,0.6165924,20.11186,1874746540124301312,0.01884944,1.346683e-05,0,87.0743712742208,1,sdss_ra=50.0412874848972_dec=42.9626492472529-label=1.png,1,1,0,c1
648,1237661061184685028,50.1839691396618,42.9678720520402,16.3403,15.92945,1.543229,2.023552,1.91003,1.027729,1.522601,0.4948721,0.8823013,4.108245,1875905975387449344,0.04976608,9.97114e-06,0,87.9201984210405,0,sdss_ra=50.1839691396618_dec=42.9678720520402-label=0.png,0,0,0,b0
649,1237661121314685733,50.1882022761316,40.0584141119316,17.14789,16.74432,1.730251,2.253605,2.090557,1.133398,1.657532,0.5241337,0.957159,4.117576,1875808668608391168,0.0855451,2.046856e-05,0,87.9678832958611,0,sdss_ra=50.1882022761316_dec=40.0584141119316-label=0.png,0,0,0,a0
650,1237661056891948400,49.6945425307804,42.9877553873081,23.21459,22.78532,3.891844,1.026676,4.275085,0.3308868,1.144054,0.8131676,3.944199,2.05531,1874736919397558272,2.170753,0.0004705609,5,89.1851133516926,0,sdss_ra=49.6945425307804_dec=42.9877553873081-label=0.png,0,0,0,a0
651,1237661061184618950,50.0172752474051,42.9990733777533,16.34185,15.90878,1.518817,2.197208,1.905453,1.048643,1.523677,0.4750338,0.8568096,5.292141,1875875189061871616,0.05393647,1.096025e-05,0,89.2134621210806,0,sdss_ra=50.0172752474051_dec=42.9990733777533-label=0.png,0,0,0,b0
