,objID,ra,dec,R_mag,r0,g_z0,u_g,g_z,g_r,g_i,r_i,r_z,petroRad_r,flags,flag_text,specObjID,z,zErr,zWarning,class,subClass,distance
0,1237661059574334072,49.9325721909726,41.4569819791321,15.13689,14.76837,1.594644,2.148634,1.923657,1.00928,1.530828,0.5215483,0.9143772,6.452093,35184640524304,DEBLENDED_AT_EDGE BINNED1 CHILD ,1875797123736299520,0.01302455,6.971062e-06,0,GALAXY,BROADLINE,3.42643799612177
2,1237661059574334114,50.0299197642029,41.552969242595,18.42844,18.05426,2.554867,3.159212,2.888931,1.52495,2.367767,0.8428173,1.363981,1.11518,105624251793752,DEBLEND_NOPEAK DEBLENDED_AT_EDGE STATIONARY MOVED BINNED1 INTERP NOPETRO NODEBLEND CHILD BLENDED ,1875902951730472960,-0.0003445202,1.135527e-05,0,STAR,M1,4.43771356642095
3,1237661059574399247,49.9883305149312,41.4458746990913,18.0516,17.68357,2.488631,2.7271,2.8172,1.565123,2.373089,0.8079662,1.252077,1.147057,35253360136208,DEBLENDED_AT_EDGE STATIONARY BINNED1 INTERP COSMIC_RAY CHILD ,1875796848858392576,5.226525e-05,9.353527e-06,0,STAR,M0,4.4464867196664
5,1237661059574333649,49.9286896562222,41.6007242294404,15.77401,15.39343,1.370379,1.872707,1.710159,0.9069777,1.365982,0.4590044,0.8031816,4.65459,193583034535952,PSF_FLUX_INTERP DEBLENDED_AT_EDGE INTERP_CENTER STATIONARY BINNED1 INTERP COSMIC_RAY CHILD ,1875890582224660480,0.01177933,8.462544e-06,0,GALAXY,BROADLINE,5.31927576279503
7,1237661059574334013,49.9705060262728,41.6087855128691,15.59959,15.21926,1.334891,1.906456,1.674442,0.8993855,1.351961,0.4525757,0.7750568,12.8319,193583034536024,PSF_FLUX_INTERP DEBLENDED_AT_EDGE INTERP_CENTER STATIONARY BINNED1 INTERP COSMIC_RAY NODEBLEND CHILD BLENDED ,1875887283689777152,0.01848275,1.179868e-05,0,GALAXY,,5.8397650463499
9,1237661059574269422,49.822002444993,41.5762271268554,17.37616,17.00014,0.6883512,1.537458,1.024059,0.6469975,0.8772926,0.2302952,0.3770618,1.280817,35221147746320,DEBLENDED_AT_EDGE BAD_MOVING_FIT MOVED BINNED1 CHILD ,1875885634422335488,-0.0002072961,9.110944e-06,0,STAR,F9,6.76038940085921
11,1237661122388033567,49.8433339393247,41.4293429843872,14.28693,13.91953,1.594043,2.131654,1.922055,1.021379,1.532359,0.5109797,0.9006758,6.129025,35255507619856,DEBLENDED_AT_EDGE STATIONARY MOVED BINNED1 INTERP COSMIC_RAY CHILD ,1875799322759555072,0.01811284,6.345218e-06,0,GALAXY,,6.84470627985726
13,1237661122388033863,49.9367551285574,41.3986865815753,17.1254,16.75802,1.713811,2.371679,2.041801,1.170483,1.675606,0.5051231,0.8713188,18.01605,35253360132368,DEBLENDED_AT_EDGE STATIONARY BINNED1 INTERP NOPETRO CHILD ,1874671498455705600,0.1352367,2.437193e-05,0,GALAXY,,6.87935586041929
14,1237661059574268835,49.7836819044895,41.5217218861315,17.01961,16.65221,0.4356767,1.254475,0.7636795,0.487257,0.6695518,0.1822948,0.2764225,1.153645,68987912704,STATIONARY BINNED1 MANYPETRO ,1875884809788614656,4.446892e-05,9.889251e-06,0,STAR,G0,7.34187696691669
16,1237661059574333464,49.9061197597231,41.6328754033241,14.68653,14.29856,1.43324,1.979682,1.779612,0.9529448,1.427343,0.4743986,0.8266668,9.281603,35184641183764,DEBLENDED_AT_EDGE BINNED1 NOTCHECKED INTERP COSMIC_RAY CHILD EDGE ,1875888383201404928,0.02863127,5.421423e-06,0,GALAXY,,7.41377299764801
18,1237661059574333719,50.025488379003,41.6300421407339,13.46985,13.0895,1.630879,2.235578,1.970453,1.050948,1.576554,0.5256062,0.9195051,11.39941,35219000397840,DEBLENDED_AT_EDGE BAD_MOVING_FIT BINNED1 INTERP COSMIC_RAY CHILD ,1875902127096752128,0.01407554,6.614196e-06,0,GALAXY,BROADLINE,7.85744049206873
19,1237661059574399621,50.1192252388923,41.4888413843425,14.70269,14.31973,1.535591,2.030753,1.87749,1.005064,1.53086,0.5257959,0.872426,5.59316,175956489797648,PSF_FLUX_INTERP DEBLENDED_AT_EDGE BAD_MOVING_FIT BINNED1 SUBTRACTED INTERP CHILD ,1875792450811881472,0.01812102,5.896984e-06,0,GALAXY,,7.88815655745139
20,1237661059574399450,50.1222973668195,41.5145661636805,14.78054,14.39764,1.385805,1.920898,1.727653,0.9469728,1.419871,0.4728985,0.7806797,19.86703,35287720923152,DEBLENDED_AT_EDGE STATIONARY BAD_MOVING_FIT BINNED1 SUBTRACTED INTERP COSMIC_RAY CHILD ,1875903226608379904,0.02272653,7.10451e-06,0,GALAXY,,7.88968249991025
22,1237661122388034402,49.9066992302963,41.3800473541336,15.79804,15.43007,1.396773,2.037449,1.725286,0.8913355,1.3637,0.4723644,0.833951,12.31191,105622104313944,DEBLEND_NOPEAK DEBLENDED_AT_EDGE STATIONARY BINNED1 INTERP COSMIC_RAY NODEBLEND CHILD BLENDED ,1875796299102578688,0.01836348,1.54475e-05,0,GALAXY,,8.18335245220294
23,1237661059574268779,49.8640621036807,41.6352685675764,14.24414,13.85324,1.402718,1.666071,1.751706,0.9271002,1.374076,0.4469757,0.8246059,18.09395,1161118907240464,DEBLEND_DEGENERATE DEBLENDED_AT_EDGE BAD_MOVING_FIT BINNED1 INTERP COSMIC_RAY CHILD ,1875891406858381312,0.02587008,7.03041e-06,0,GALAXY,AGN,8.21518358558438
25,1237661055281725886,49.7712214276737,41.4702044779128,15.73157,15.36054,1.445647,1.647493,1.776888,0.8393183,1.336573,0.4972544,0.9375696,10.11014,175956489802256,PSF_FLUX_INTERP DEBLENDED_AT_EDGE BAD_MOVING_FIT BINNED1 SUBTRACTED INTERP COSMIC_RAY MANYPETRO CHILD ,1874678095525472256,0.05185063,5.627423e-06,0,GALAXY,STARFORMING,8.29589334807368
26,1237661059574399641,50.0308283659175,41.3882932987744,16.45989,16.08582,0.5717896,1.436605,0.9057541,0.5805645,0.8196449,0.2390804,0.3251896,1.360859,68988047360,STATIONARY BINNED1 INTERP COSMIC_RAY ,1875794649835137024,-0.000131474,9.619292e-06,0,STAR,F9,8.38988229473541
28,1237661059574268612,49.760046123573,41.5502349902431,14.87162,14.4973,1.376175,2.01246,1.710363,0.8994465,1.337598,0.4381514,0.8109169,10.77055,35253360136208,DEBLENDED_AT_EDGE STATIONARY BINNED1 INTERP COSMIC_RAY CHILD ,1875882061009545216,0.01411224,7.332688e-06,0,GALAXY,BROADLINE,8.6746518702885
30,1237661059574399672,50.0646761465794,41.398649050392,13.50894,13.1326,1.543639,2.111705,1.879623,1.020418,1.549163,0.5287447,0.8592052,14.29415,35253360661012,DEBLENDED_AT_EDGE STATIONARY BINNED1 NOTCHECKED INTERP COSMIC_RAY MANYPETRO CHILD EDGE ,1875796573980485632,0.02241023,6.142608e-06,0,GALAXY,BROADLINE,8.67761500377584
32,1237661059574399387,50.1374704982234,41.5741245778116,14.72101,14.33985,1.492349,2.040944,1.832638,1.027043,1.527342,0.5002985,0.8055944,3.219527,35219000393744,DEBLENDED_AT_EDGE BAD_MOVING_FIT BINNED1 INTERP CHILD ,1874766056455694336,0.01055127,5.784582e-06,0,GALAXY,,9.31659102745098
33,1237661055281725847,49.7421128001445,41.4701208499646,12.84564,12.46924,1.631058,2.18748,1.967099,1.070863,1.598623,0.5277605,0.8962364,12.62068,35184641708048,DEBLENDED_AT_EDGE BINNED1 SUBTRACTED INTERP COSMIC_RAY CHILD ,1875800972026996736,0.01660994,7.583068e-06,16,GALAXY,,9.54956383818195
35,1237661059574268534,49.8239777063448,41.6443501818367,14.10649,13.7129,1.500774,2.065474,1.852164,0.9937582,1.466589,0.4728308,0.8584061,9.670523,35253360136208,DEBLENDED_AT_EDGE STATIONARY BINNED1 INTERP COSMIC_RAY CHILD ,1875886733933963264,0.02062524,6.16768e-06,0,GALAXY,,9.61014903443944
37,1237661055818662378,50.0919190508431,41.6409169263223,14.50608,14.12454,0.2737814,0.8519583,0.6144123,0.4240417,0.5109062,0.08686447,0.1903706,20.99753,1161118907241048,DEBLEND_DEGENERATE DEBLENDED_AT_EDGE BAD_MOVING_FIT BINNED1 INTERP COSMIC_RAY MANYPETRO NODEBLEND CHILD BLENDED ,1874764407188252672,0.01302578,4.451671e-06,0,GALAXY,STARBURST,10.0646886541463
38,1237661059574399831,50.0873396454365,41.3737384235078,14.85967,14.47911,1.552936,2.097691,1.89269,1.018142,1.522794,0.504652,0.874548,9.587603,35253360398352,DEBLENDED_AT_EDGE STATIONARY BINNED1 SATURATED INTERP COSMIC_RAY CHILD ,1875793550323509248,0.02366284,7.396022e-06,0,GALAXY,,10.4847361961436
40,1237661059574269233,49.7588315429406,41.6199281627887,15.59839,15.20789,1.446657,1.950802,1.79528,0.9678106,1.434759,0.4669485,0.8274698,13.79018,35253360136208,DEBLENDED_AT_EDGE STATIONARY BINNED1 INTERP COSMIC_RAY CHILD ,1875885084666521600,0.01848959,1.525733e-05,0,GALAXY,,10.5929310509257
42,1237661055281857482,50.0039643129297,41.3409569288291,17.69603,17.31619,1.801857,2.224802,2.140968,1.194695,1.712109,0.5174141,0.9462738,4.11813,35259802583056,DEBLENDED_AT_EDGE STATIONARY DEBLENDED_AS_MOVING MOVED BINNED1 INTERP CHILD ,1874672872845240320,0.1361599,1.990193e-05,0,GALAXY,,10.6450204723178
43,1237661059574400342,50.193912182851,41.5120604175913,17.53432,17.14137,0.7894427,1.172785,1.140261,0.569725,1.000267,0.430542,0.5705357,3.047251,35253360132624,DEBLENDED_AT_EDGE STATIONARY BINNED1 INTERP MANYPETRO CHILD ,1874777326449879040,0.08025642,6.716433e-06,0,GALAXY,STARBURST,11.107071809029
44,1237661055281856613,49.9174877741773,41.3291991253375,14.62969,14.25272,1.54145,2.083092,1.878002,1.000623,1.489584,0.4889612,0.8773794,6.052194,35253360136208,DEBLENDED_AT_EDGE STATIONARY BINNED1 INTERP COSMIC_RAY CHILD ,1875796024224671744,0.02044216,6.383031e-06,0,GALAXY,,11.1120537276894
46,1237661055281856927,50.072450372141,41.34893080365,15.09798,14.71671,1.511586,1.941353,1.851982,0.985074,1.459428,0.4743538,0.8669081,5.054067,35253361971220,DEBLENDED_AT_EDGE STATIONARY BINNED1 SUBTRACTED NOTCHECKED SATURATED INTERP COSMIC_RAY CHILD EDGE ,1875795749346764800,0.01719512,6.907025e-06,0,GALAXY,,11.358959569913
48,1237661055818727765,50.1886404627776,41.5706873310953,17.64591,17.26407,0.4701643,1.287786,0.8110638,0.5137177,0.7179985,0.2042809,0.2973461,1.151147,35253360001040,DEBLENDED_AT_EDGE STATIONARY BINNED1 CHILD ,1874776776694065152,-0.0001009152,1.146296e-05,0,STAR,G0,11.4012949060747
49,1237661055281726031,49.6867314009884,41.5114441292928,16.06735,15.67685,1.416461,2.040627,1.765086,0.9711704,1.472507,0.5013361,0.7939157,9.619736,35253360923152,DEBLENDED_AT_EDGE STATIONARY BINNED1 NOTCHECKED SATURATED INTERP COSMIC_RAY MANYPETRO CHILD ,1874758359874299904,0.02392331,1.252859e-05,0,GALAXY,,11.680502274532
51,1237661055281725866,49.6881724299768,41.4887639647977,14.22095,13.83129,0.9544546,1.873409,1.302334,0.6657572,1.070255,0.4044981,0.6365767,20.47791,35287721185296,DEBLENDED_AT_EDGE STATIONARY BAD_MOVING_FIT BINNED1 SUBTRACTED SATURATED INTERP COSMIC_RAY CHILD ,1875814441044436992,0.01076766,7.950389e-06,0,GALAXY,BROADLINE,11.7087730815892
53,1237661122388033579,49.7970434369399,41.3531956433367,13.70568,13.32791,1.602805,2.093848,1.940073,1.026119,1.550663,0.5245438,0.9139538,9.039566,35255507619888,DEBLENDED_AT_EDGE STATIONARY MOVED BINNED1 INTERP COSMIC_RAY PEAKCENTER CHILD ,1875803445928159232,0.01987928,7.473562e-06,0,GALAXY,,11.720537302435
55,1237661059574268293,49.7414833647509,41.6350645496723,15.53891,15.14493,1.456656,2.038477,1.808393,0.9768429,1.450929,0.4740858,0.8315496,9.159197,35253360136208,DEBLENDED_AT_EDGE STATIONARY BINNED1 INTERP COSMIC_RAY CHILD ,1875883435399079936,0.01361777,9.305841e-06,0,GALAXY,BROADLINE,11.7643436471971
57,1237661055818662544,50.1240046283114,41.6598757568739,16.47651,16.09417,0.9534805,1.750038,1.294831,0.794096,1.11878,0.3246841,0.5007353,5.528512,35287719875088,DEBLENDED_AT_EDGE STATIONARY BAD_MOVING_FIT BINNED1 INTERP COSMIC_RAY MANYPETRO CHILD ,1874761658409183232,1.432889e-05,7.72366e-06,0,STAR,K1,11.8687886553763
58,1237661055281725850,49.6862761715124,41.4674857522114,12.98249,12.5936,1.972604,2.095016,2.319798,1.742271,2.277477,0.5352058,0.5775261,16.12713,35219001708560,DEBLENDED_AT_EDGE BAD_MOVING_FIT BINNED1 SUBTRACTED SATURATED INTERP COSMIC_RAY CHILD ,1875813891288623104,0.01764006,6.639041e-06,0,GALAXY,,12.0202236436249
59,1237661059574464562,50.1757659807148,41.4039750851123,14.68031,14.2935,1.472152,1.963584,1.817485,1.07499,1.581636,0.5066462,0.7424946,10.30966,35253360398352,DEBLENDED_AT_EDGE STATIONARY BINNED1 SATURATED INTERP COSMIC_RAY CHILD ,1875791626178160640,0.01248846,7.071213e-06,0,GALAXY,BROADLINE,12.2050697699906
61,1237661055281726251,49.6974774994161,41.428373591989,14.91461,14.52694,1.455597,1.982896,1.801706,0.9392157,1.444457,0.5052414,0.8624907,10.64839,35259803897872,DEBLENDED_AT_EDGE STATIONARY DEBLENDED_AS_MOVING MOVED BINNED1 SUBTRACTED SATURATED INTERP COSMIC_RAY CHILD ,1875814990800250880,0.02002686,6.69753e-06,0,GALAXY,,12.3037598535452
63,1237661059574269120,49.6732849511774,41.5693368326331,18.32337,17.92836,2.435409,1.881937,2.788069,1.166231,2.194372,1.028141,1.621838,1.00158,105589892055056,DEBLEND_NOPEAK DEBLENDED_AT_EDGE BAD_MOVING_FIT MOVED BINNED1 INTERP CHILD ,1875883985154893824,-0.000115774,8.997086e-06,0,STAR,K7,12.7338979875779
64,1237661055281726775,49.7128793782692,41.3923537508308,15.7914,15.40345,1.365721,1.820311,1.712078,0.921133,1.378018,0.4568853,0.7909451,14.31303,35253360136208,DEBLENDED_AT_EDGE STATIONARY BINNED1 INTERP COSMIC_RAY CHILD ,1875810042997925888,0.02062985,1.716699e-05,0,GALAXY,,12.769127015643
65,1237661055281856551,49.8831911264325,41.3042338061537,16.58471,16.20715,1.482758,1.719509,1.819835,0.9899998,1.478827,0.4888268,0.8298349,6.976413,35253360398352,DEBLENDED_AT_EDGE STATIONARY BINNED1 SATURATED INTERP COSMIC_RAY CHILD ,1875800147393275904,0.1159597,1.434014e-05,0,GALAXY,,12.853719737192
66,1237661055818727654,50.2112693947652,41.6004244597273,13.8103,13.43711,1.560837,2.131902,1.894016,1.012523,1.534528,0.5220051,0.8814936,8.377485,35219001708560,DEBLENDED_AT_EDGE BAD_MOVING_FIT BINNED1 SUBTRACTED SATURATED INTERP COSMIC_RAY CHILD ,1874775677182437376,0.01763928,5.6626e-06,0,GALAXY,BROADLINE,12.9828122772071
67,1237661059574399996,50.2408881196432,41.506345029876,14.10621,13.70946,1.698385,2.205724,2.052597,1.106907,1.652067,0.5451603,0.9456902,4.883432,193514315059216,PSF_FLUX_INTERP DEBLENDED_AT_EDGE INTERP_CENTER BINNED1 INTERP COSMIC_RAY CHILD ,1875792725689788416,0.01666073,7.355008e-06,0,GALAXY,,13.2242534772667
68,1237661059574464709,50.235725066588,41.4388504401502,17.22679,16.83444,1.566734,1.579163,1.917015,1.254539,1.728994,0.4744549,0.6624756,4.231046,35184640655376,DEBLENDED_AT_EDGE BINNED1 INTERP CHILD ,1874666825531287552,0.02010384,1.35945e-05,0,GALAXY,,13.7353679850041
69,1237661055818727967,50.2517165750559,41.562463684849,14.17586,13.79649,1.605595,2.121452,1.944288,1.009282,1.528355,0.5190725,0.9350061,4.893107,35253360136208,DEBLENDED_AT_EDGE STATIONARY BINNED1 INTERP COSMIC_RAY CHILD ,1874776226938251264,0.01569851,6.055865e-06,0,GALAXY,BROADLINE,14.0151615290977
70,1237661055281856814,49.9356066702234,41.2780792750039,14.07128,13.70249,1.440444,2.199902,1.769689,0.9771042,1.514219,0.5371151,0.7925844,10.54811,35253361446928,DEBLENDED_AT_EDGE STATIONARY BINNED1 SUBTRACTED SATURATED INTERP COSMIC_RAY CHILD ,1874669574310356992,0.01835726,5.566254e-06,0,GALAXY,,14.1100806235427
71,1237661055281857617,50.0552790374181,41.2868743261062,15.66404,15.28869,1.01742,1.68858,1.352522,0.7417221,1.10307,0.3613482,0.6107998,7.559559,35255507619856,DEBLENDED_AT_EDGE STATIONARY MOVED BINNED1 INTERP COSMIC_RAY CHILD ,1875797673492113408,0.02367585,8.420391e-06,0,GALAXY,,14.4264175834103
73,1237661059574464751,50.2054820731759,41.3706843348946,13.95962,13.5749,1.574636,2.077209,1.918101,1.057751,1.591048,0.5332975,0.8603506,11.61895,193583034535952,PSF_FLUX_INTERP DEBLENDED_AT_EDGE INTERP_CENTER STATIONARY BINNED1 INTERP COSMIC_RAY CHILD ,1875792175933974528,0.01648682,6.059764e-06,0,GALAXY,BROADLINE,14.4392334532375
75,1237661055281856829,49.9449358444632,41.270382598523,15.32725,14.96267,1.284346,4.177626,1.609835,0.8699551,1.393244,0.5232887,0.7398796,8.534038,176025209540696,PSF_FLUX_INTERP DEBLENDED_AT_EDGE STATIONARY BAD_MOVING_FIT BINNED1 SUBTRACTED SATURATED INTERP COSMIC_RAY NODEBLEND CHILD BLENDED ,1875794100079323136,0.01526537,9.351438e-06,0,GALAXY,BROADLINE,14.563260584782
76,1237661059574268044,49.7427700516971,41.7023783448801,14.07023,13.67928,1.490713,2.047229,1.839748,0.9645224,1.444725,0.4802027,0.875226,12.34993,35287719874576,DEBLENDED_AT_EDGE STATIONARY BAD_MOVING_FIT BINNED1 INTERP COSMIC_RAY CHILD ,1875882335887452160,0.01408154,6.682668e-06,0,GALAXY,BROADLINE,14.5833825459599
78,1237661059574465600,50.2558101939355,41.4344626658023,16.11798,15.72707,1.442378,1.9737,1.791376,0.9422817,1.414671,0.4723892,0.8490944,3.210217,35253360136208,DEBLENDED_AT_EDGE STATIONARY BINNED1 INTERP COSMIC_RAY CHILD ,1875791351300253696,0.01334708,9.055558e-06,0,GALAXY,BROADLINE,14.675360983057
80,1237661059574269035,49.7701555813497,41.7192215795183,17.38575,16.99793,1.960007,2.524347,2.306242,1.378201,1.951666,0.5734653,0.9280415,1.151198,68987912192,STATIONARY BINNED1 ,1875882610765359104,-0.0001750703,8.757107e-06,0,STAR,K7,14.6854796647757
82,1237661055818663393,50.1775974531424,41.6947119969866,17.83062,17.44683,1.665349,2.16037,2.007986,1.113808,1.621389,0.5075817,0.8941784,2.548035,35259802587152,DEBLENDED_AT_EDGE STATIONARY DEBLENDED_AS_MOVING MOVED BINNED1 INTERP COSMIC_RAY CHILD ,1875901027585124352,0.08573911,2.26134e-05,0,GALAXY,,15.0350346682576
83,1237661059574464845,50.2592785121609,41.4094752214626,14.42319,14.03581,1.573547,2.128593,1.919393,1.001338,1.521634,0.5202961,0.9180546,11.7159,35184640659984,DEBLENDED_AT_EDGE BINNED1 INTERP COSMIC_RAY MANYPETRO CHILD ,1875793275445602304,0.01670804,6.696649e-06,0,GALAXY,,15.3686469546152
85,1237661055818662301,50.1366005911547,41.7320222485647,17.6609,17.26142,0.7197602,1.273672,1.076412,0.6072483,0.8735256,0.2662773,0.4691639,15.30831,35253360136720,DEBLENDED_AT_EDGE STATIONARY BINNED1 INTERP COSMIC_RAY MANYPETRO CHILD ,1875901302463031296,-0.0003861907,1.485159e-05,0,STAR,F9,15.6551524036026
86,1237661059574203221,49.6621494298188,41.6689425891096,14.99284,14.60015,1.490946,2.126797,1.841526,0.9684992,1.45735,0.4888506,0.8730268,7.489239,144150441435992080,MAYBE_EGHOST DEBLENDED_AT_EDGE STATIONARY BINNED1 INTERP COSMIC_RAY CHILD ,1875884260032800768,0.01432167,7.168841e-06,0,GALAXY,BROADLINE,15.8265189447526
88,1237661055281856711,49.8805021876482,41.2520151603596,17.72289,17.35348,1.352062,2.571918,1.681871,0.7098618,1.490984,0.7811222,0.9720097,2.089266,175990848753680,PSF_FLUX_INTERP DEBLENDED_AT_EDGE STATIONARY BINNED1 SATURATED INTERP COSMIC_RAY CHILD ,1875803171050252288,-0.000168278,7.81407e-06,0,STAR,K5,15.9460419062519
89,1237661055281856813,50.006822919519,41.2511539904146,13.19592,12.83356,1.56301,2.186331,1.886522,0.9879456,1.512414,0.5244684,0.8985767,22.60264,35253361446928,DEBLENDED_AT_EDGE STATIONARY BINNED1 SUBTRACTED SATURATED INTERP COSMIC_RAY CHILD ,1874667650165008384,0.01467874,5.786704e-06,0,GALAXY,BROADLINE,15.9481226370219
90,1237670960021505209,50.036430938291,41.7746219007254,17.46084,17.06035,1.088861,1.745869,1.446409,0.8609638,1.233713,0.3727493,0.5854454,1.572295,35221147881488,DEBLENDED_AT_EDGE BAD_MOVING_FIT MOVED BINNED1 INTERP COSMIC_RAY CHILD ,1875901852218845184,-4.117345e-05,7.748794e-06,0,STAR,K3,16.198894488739
91,1237661055281856842,50.0437796548105,41.2456151039519,17.1322,16.76999,1.313276,1.610315,1.636646,0.8405857,1.332909,0.4923229,0.7960606,4.875599,35219001446416,DEBLENDED_AT_EDGE BAD_MOVING_FIT BINNED1 SUBTRACTED INTERP COSMIC_RAY CHILD ,1874669849188263936,0.08449859,5.778272e-06,0,GALAXY,STARFORMING,16.6335685580782
92,1237661055281725581,49.5788652894655,41.4693671588608,15.03359,14.62902,1.516715,2.048453,1.877904,0.9564342,1.492163,0.5357285,0.9214697,5.641702,35219000659984,DEBLENDED_AT_EDGE BAD_MOVING_FIT BINNED1 SATURATED INTERP COSMIC_RAY CHILD ,1875813066654902272,0.01171333,6.747739e-06,0,GALAXY,BROADLINE,16.738685375394
94,1237661055281856999,49.9156143488672,41.2329477624084,15.8727,15.51889,0.897733,1.877981,1.213608,0.804019,1.068621,0.2646017,0.4095888,1.493239,52882053398544,DEBLENDED_AT_EDGE INTERP_CENTER STATIONARY BAD_MOVING_FIT MOVED BINNED1 INTERP CHILD ,1874670124066170880,1.629406e-05,6.799562e-06,0,STAR,K1,16.8673050379038
95,1237661055818663051,50.1336678595388,41.7584707117627,14.89469,14.48716,1.512695,2.018023,1.876528,0.9848356,1.503143,0.5183077,0.8916922,7.517909,35253360136208,DEBLENDED_AT_EDGE STATIONARY BINNED1 INTERP COSMIC_RAY CHILD ,1875900477829310464,0.01689081,7.025794e-06,0,GALAXY,,16.9422204753339
96,1237661055281725940,49.5937534686477,41.4097756365822,13.57921,13.18311,1.629182,2.013068,1.982812,0.9969893,1.531616,0.534627,0.9858227,14.07704,35253361446928,DEBLENDED_AT_EDGE STATIONARY BINNED1 SUBTRACTED SATURATED INTERP COSMIC_RAY CHILD ,1875813616410716160,0.02153751,6.94314e-06,0,GALAXY,BROADLINE,17.0378141295213
98,1237661055818662522,50.1916426157601,41.7349372590753,15.00019,14.59949,1.457924,2.005819,1.815657,0.9611349,1.451322,0.4901867,0.8545218,9.608946,35253360136208,DEBLENDED_AT_EDGE STATIONARY BINNED1 INTERP COSMIC_RAY CHILD ,1875900752707217408,0.01783839,6.809911e-06,0,GALAXY,,17.2584248410254
99,1237661055818793141,50.3361938102496,41.4958685640523,19.22542,18.83419,-5.146647,2.329906,-4.797365,-1.195768,-6.332022,-5.136253,-3.601597,2.873065,246290873192792,PSF_FLUX_INTERP DEBLEND_NOPEAK DEBLENDED_AT_EDGE BINNED1 INTERP COSMIC_RAY NOPETRO NODEBLEND CHILD BLENDED ,1874656380170823680,-0.0001449448,1.041815e-05,0,STAR,G2,17.5321012328576
100,1237661059574465017,50.336836986607,41.46005973571,13.7975,13.40939,1.573306,2.188169,1.919808,1.023425,1.494902,0.4714766,0.8963833,7.689026,35253360136208,DEBLENDED_AT_EDGE STATIONARY BINNED1 INTERP COSMIC_RAY CHILD ,1874654181147568128,0.01528424,5.751711e-06,0,GALAXY,BROADLINE,17.8217774962118
101,1237661122387968730,49.6152258885157,41.3213174238366,16.6175,16.21293,1.41521,1.95513,1.776405,0.9358177,1.428982,0.4931641,0.8405876,6.027709,35253360132184,DEBLENDED_AT_EDGE STATIONARY BINNED1 INTERP NODEBLEND CHILD BLENDED ,1874673972356868096,0.01878707,1.431673e-05,0,GALAXY,,18.8375721461751
102,1237661059574465263,50.2855776364297,41.3230425309137,16.23157,15.85966,1.42196,1.448732,1.753997,1.096281,1.454597,0.3583155,0.6577158,1.349647,72163181782503440,MAYBE_CR DEBLEND_NOPEAK DEBLENDED_AT_EDGE BAD_MOVING_FIT BINNED1 INTERP COSMIC_RAY CHILD ,1874663252118497280,0.000163701,7.559764e-06,0,STAR,F9,19.0400680308407
103,1237661059574202928,49.5750012566803,41.6753256012749,14.98746,14.59876,1.268078,1.596935,1.615104,0.8549957,1.273089,0.4180937,0.760108,9.636147,52811187228688,DEBLENDED_AT_EDGE INTERP_CENTER BAD_MOVING_FIT BINNED1 NOTCHECKED SATURATED INTERP COSMIC_RAY CHILD ,1875880411742103552,0.02875331,1.248856e-05,0,GALAXY,STARFORMING,19.3112431060505
105,1237661055281661215,49.5244020175459,41.5813582968019,16.32676,15.91833,1.39803,2.016371,1.76267,0.971529,1.424766,0.4532366,0.7911406,10.10991,35253360136536,DEBLENDED_AT_EDGE STATIONARY BINNED1 INTERP COSMIC_RAY NOPETRO NODEBLEND CHILD BLENDED ,1874752587438254080,0.01919282,1.925511e-05,0,GALAXY,,19.4002972505313
106,1237661059574465270,50.2558086297081,41.285926984341,15.86735,15.50187,0.903991,2.032755,1.230284,0.8027582,1.086218,0.2834597,0.4275255,1.143656,35255507615760,DEBLENDED_AT_EDGE STATIONARY MOVED BINNED1 INTERP CHILD ,1875793000567695360,-9.757149e-05,6.847207e-06,0,STAR,K1,19.4764328734385
108,1237670960021569639,50.0301282412048,41.8328072051585,14.10052,13.68576,1.470078,2.012901,1.840368,0.9757557,1.490275,0.5145197,0.8646126,19.91234,35253361184784,DEBLENDED_AT_EDGE STATIONARY BINNED1 SUBTRACTED INTERP COSMIC_RAY CHILD ,1874763032798717952,0.01407263,6.621662e-06,0,GALAXY,BROADLINE,19.5434339908819
109,1237661055281923151,50.1414808232528,41.2218467085331,16.49442,16.13778,1.37242,1.796751,1.690829,0.9069672,1.340748,0.4337807,0.7838621,9.616655,35253360132112,DEBLENDED_AT_EDGE STATIONARY BINNED1 INTERP CHILD ,1875788602521184256,0.02274671,1.611741e-05,0,GALAXY,,19.5527299562725
110,1237661055818793134,50.3802762257035,41.5474536325146,16.2903,15.90471,1.307011,1.813486,1.651258,0.8859196,1.32501,0.4390907,0.7653379,3.881792,35253360132112,DEBLENDED_AT_EDGE STATIONARY BINNED1 INTERP CHILD ,1874772653525460992,0.01288137,8.307731e-06,0,GALAXY,,19.583407674779
111,1237661055818531427,49.7268858637923,41.8030385429612,15.50165,15.10497,1.493583,2.122885,1.847733,0.9896717,1.488865,0.4991932,0.8580608,6.935075,35253361446928,DEBLENDED_AT_EDGE STATIONARY BINNED1 SUBTRACTED SATURATED INTERP COSMIC_RAY CHILD ,1875883710276986880,0.01399941,7.565905e-06,0,GALAXY,BROADLINE,19.9931651874253
112,1237661059574203660,49.665099654597,41.7720034035862,17.37716,16.98797,0.9037797,1.212706,1.251247,0.6154137,1.050488,0.4350739,0.6358337,3.733384,35253360001040,DEBLENDED_AT_EDGE STATIONARY BINNED1 CHILD ,1875881786131638272,0.1350829,7.353454e-06,0,GALAXY,STARBURST,20.018450960135
113,1237661055818793331,50.3925238215328,41.5061613782787,14.03413,13.64203,1.767864,1.991905,2.11793,1.074134,1.629095,0.5549612,1.043797,10.93611,1161118907240464,DEBLEND_DEGENERATE DEBLENDED_AT_EDGE BAD_MOVING_FIT BINNED1 INTERP COSMIC_RAY CHILD ,1874777051571972096,0.02404649,5.182994e-06,0,GALAXY,BROADLINE,20.0354620791863
114,1237661055281660332,49.498157446947,41.5203688611731,13.58597,13.18582,1.530978,2.0746,1.888221,0.9962645,1.493053,0.496789,0.8919563,23.69171,35253360136208,DEBLENDED_AT_EDGE STATIONARY BINNED1 INTERP COSMIC_RAY CHILD ,1875880961497917440,0.01105779,6.182689e-06,0,GALAXY,,20.1557977796226
116,1237661083199210512,49.631956124873,41.2740581753394,14.91702,14.48598,1.469363,1.99903,1.854183,0.9751854,1.466746,0.4915609,0.8789978,11.69349,35219000262744,DEBLENDED_AT_EDGE BAD_MOVING_FIT BINNED1 NODEBLEND CHILD BLENDED ,1875812242021181440,0.01842828,6.549546e-06,0,GALAXY,AGN BROADLINE,20.1595998265812
117,1237661055281660253,49.5073308611243,41.5926931133879,15.17137,14.7658,1.711991,1.893782,2.074067,1.106958,1.690604,0.5836458,0.9671087,7.1666,35253360398352,DEBLENDED_AT_EDGE STATIONARY BINNED1 SATURATED INTERP COSMIC_RAY CHILD ,1874751213048719360,0.01397691,6.456167e-06,0,GALAXY,BROADLINE,20.2977105616823
118,1237661059574465887,50.2962540829001,41.298821003556,17.23161,16.86538,1.290207,2.240297,1.61717,1.012762,1.392101,0.3793392,0.6044083,1.369866,2381894910024,BAD_MOVING_FIT_CHILD PEAKS_TOO_CLOSE BAD_MOVING_FIT NODEBLEND_MOVING MOVED BINNED1 DEBLEND_PRUNED NODEBLEND BLENDED ,1875790526666532864,-3.245722e-05,7.647559e-06,0,STAR,K5,20.3163275879825
119,1237661055281857673,49.979897820705,41.1726324612579,16.49719,16.1679,1.269485,1.818489,1.563464,0.8557739,1.259991,0.4042168,0.7076902,6.642812,52845546180624,DEBLENDED_AT_EDGE INTERP_CENTER STATIONARY BINNED1 INTERP COSMIC_RAY CHILD ,1874668749676636160,0.01634287,1.358605e-05,0,GALAXY,,20.482715360875
121,1237661055281660630,49.4898628885605,41.4973067696004,14.69813,14.30484,1.436258,1.997944,1.787376,0.9457808,1.428069,0.4822884,0.8415956,13.07164,35253360136208,DEBLENDED_AT_EDGE STATIONARY BINNED1 INTERP COSMIC_RAY CHILD ,1875825436160714752,0.01643516,8.210612e-06,0,GALAXY,BROADLINE,20.5492324353883
123,1237661055281922625,50.2217795302807,41.2257344379433,15.75863,15.40834,0.7408831,1.64344,1.053614,0.6633434,0.9928265,0.329483,0.3902702,1.362951,35289867358224,DEBLENDED_AT_EDGE STATIONARY BAD_MOVING_FIT MOVED BINNED1 INTERP COSMIC_RAY CHILD ,1874662977240590336,-6.998846e-05,7.812278e-06,0,STAR,F9,21.2297416124072
124,1237661083199340713,49.8996627467526,41.1511503541778,14.32756,13.9924,1.536383,1.995684,1.835606,0.9442053,1.44271,0.4985046,0.8914003,14.13165,35219000660056,DEBLENDED_AT_EDGE BAD_MOVING_FIT BINNED1 SATURATED INTERP COSMIC_RAY NODEBLEND CHILD BLENDED ,1874668199920822272,0.01989758,6.079741e-06,0,GALAXY,BROADLINE,21.8201311228011
125,1237661059574530716,50.2869381053616,41.2530385705908,15.38101,15.02604,1.423444,1.941515,1.740355,0.9379263,1.402795,0.4648685,0.8024292,8.220746,35255507619856,DEBLENDED_AT_EDGE STATIONARY MOVED BINNED1 INTERP COSMIC_RAY CHILD ,1875788877399091200,0.01619791,8.144386e-06,0,GALAXY,BROADLINE,21.8651082814017
127,1237670458048512961,49.9427904069998,41.8795154436514,17.16523,16.75123,0.5432451,1.354103,0.9128513,0.6176529,0.7512188,0.1335659,0.2951984,1.610504,35255507619856,DEBLENDED_AT_EDGE STATIONARY MOVED BINNED1 INTERP COSMIC_RAY CHILD ,2698926725613512704,-0.000161997,1.084471e-05,0,STAR,F9,21.985624319439
128,1237661055281660551,49.4628396701164,41.4508207228506,13.68613,13.307,1.590416,2.02698,1.928901,0.9883966,1.52095,0.5325537,0.9405041,11.09029,35255507619856,DEBLENDED_AT_EDGE STATIONARY MOVED BINNED1 INTERP COSMIC_RAY CHILD ,1875824611526993920,0.0146033,7.017371e-06,0,GALAXY,BROADLINE,22.0680920076788
130,1237661083199275874,49.8536925506709,41.1475469331591,16.28297,15.92535,0.3214731,1.190844,0.640749,0.4208069,0.5846119,0.163805,0.2199421,1.17515,35255507615760,DEBLENDED_AT_EDGE STATIONARY MOVED BINNED1 INTERP CHILD ,1875800422271182848,6.414548e-05,1.031113e-05,0,STAR,F5,22.3298935756429
131,1237661083199144664,49.5154139273366,41.3230599188577,16.70314,16.32531,1.541486,2.152695,1.878805,0.9938316,1.495775,0.5019436,0.8849735,4.110968,35253360656400,DEBLENDED_AT_EDGE STATIONARY BINNED1 NOTCHECKED INTERP CHILD ,1874688540885936128,0.06621937,1.168832e-05,0,GALAXY,,22.5073405151565
132,1237661055281661187,49.4421739623854,41.5116662675731,17.45889,17.07613,2.333643,2.733459,2.67536,1.498091,2.227669,0.729578,1.177269,1.744847,72057628666236928,MAYBE_CR BAD_MOVING_FIT BINNED1 INTERP COSMIC_RAY ,1874687991130122240,5.100076e-05,8.283845e-06,0,STAR,M0,22.6678550751821
133,1237661059574530116,50.4075544221459,41.3578114673567,16.5923,16.21637,1.493412,2.197964,1.829041,0.9854164,1.453777,0.4683609,0.8436251,59.89828,176025208754708,PSF_FLUX_INTERP DEBLENDED_AT_EDGE STATIONARY BAD_MOVING_FIT BINNED1 NOTCHECKED INTERP COSMIC_RAY MANYPETRO CHILD EDGE ,1875780631061882880,0.02154604,8.898423e-06,0,GALAXY,,22.7277719962573
134,1237661055281661097,49.4317076157181,41.5455785249482,17.76509,17.37852,0.5493342,1.354252,0.8944569,0.5611763,0.8042698,0.2430935,0.3332806,1.409789,35253360132112,DEBLENDED_AT_EDGE STATIONARY BINNED1 INTERP CHILD ,1875880136864196608,-0.0001869565,1.134309e-05,0,STAR,F9,23.2138049554269
136,1237661059574202508,49.5350273421591,41.7543521559441,13.38606,13.01319,1.7251,2.067204,2.057991,1.039588,1.584288,0.5446997,1.018403,13.34343,35289867358224,DEBLENDED_AT_EDGE STATIONARY BAD_MOVING_FIT MOVED BINNED1 INTERP COSMIC_RAY CHILD ,1875876838329313280,0.01642188,6.6107e-06,0,GALAXY,BROADLINE,23.4594089294794
138,1237661083199275747,49.7798434161085,41.1426340291011,15.09814,14.69629,1.052421,1.350511,1.411182,0.6988964,1.097469,0.3985729,0.712286,10.73586,1161153268027408,DEBLEND_DEGENERATE DEBLENDED_AT_EDGE STATIONARY BINNED1 SUBTRACTED INTERP COSMIC_RAY CHILD ,1874673697478961152,0.02634859,8.394087e-06,0,GALAXY,STARFORMING,23.4649012713481
139,1237661083199144680,49.5028172944523,41.2990947963276,16.05032,15.66976,1.307747,1.815702,1.647505,0.881052,1.303479,0.4224272,0.7664528,7.688799,35253360136208,DEBLENDED_AT_EDGE STATIONARY BINNED1 INTERP COSMIC_RAY CHILD ,1874685517228959744,0.01404012,1.283073e-05,0,GALAXY,,23.746662937466
140,1237661083199275743,49.7993394162836,41.1325137671338,16.70784,16.32068,1.836882,1.871563,2.182531,1.453463,1.896994,0.443531,0.7290688,4.052474,35253361184784,DEBLENDED_AT_EDGE STATIONARY BINNED1 SUBTRACTED INTERP COSMIC_RAY CHILD ,1874676446258030592,0.04813373,1.210087e-05,0,GALAXY,,23.7809857390159
141,1237661083199341789,49.9596364870387,41.1071148167986,17.26524,16.94526,1.325616,2.223671,1.611286,0.9656525,1.356205,0.3905525,0.6456337,1.120391,52845546176560,DEBLENDED_AT_EDGE INTERP_CENTER STATIONARY BINNED1 INTERP PEAKCENTER CHILD ,1875795474468857856,-4.858039e-05,7.195056e-06,0,STAR,K3,24.3660873097436
142,1237661060111204991,50.2554087638575,41.8491100481994,17.03628,16.61666,0.4375313,0.6391497,0.8121595,-1.074086,-0.3595514,0.7145348,1.886246,1.769921,272713512259600,PSF_FLUX_INTERP DEBLEND_NOPEAK DEBLENDED_AT_EDGE INTERP_CENTER SATUR_CENTER BAD_MOVING_FIT BINNED1 SATURATED INTERP COSMIC_RAY CHILD ,2698947891212347392,2.546713e-05,7.675582e-06,0,STAR,F5,24.4503326650469
143,1237661122388164637,50.0402382592295,41.1110424504092,16.18823,15.86197,0.8269879,1.611179,1.118268,0.6608257,0.9551172,0.2942915,0.4574423,2.465446,217231523912,PEAKS_TOO_CLOSE STATIONARY NODEBLEND_MOVING MOVED BINNED1 DEBLEND_PRUNED INTERP NODEBLEND BLENDED ,1874668474798729216,-8.675984e-05,7.869617e-06,0,STAR,F9,24.4890073805447
144,1237661055818794217,50.4895205180798,41.5521931418354,15.34798,14.94075,1.491176,2.07003,1.854746,0.9827232,1.478887,0.4961634,0.8720226,4.756853,35253360136208,DEBLENDED_AT_EDGE STATIONARY BINNED1 INTERP COSMIC_RAY CHILD ,1874774852548716544,0.01983583,6.619844e-06,0,GALAXY,,24.4931411258321
145,1237661059574137359,49.5545783717589,41.8025113837332,17.2465,16.87619,1.090907,1.73312,1.421513,0.7541542,1.047434,0.2932796,0.6673584,3.764386,35287721443348,DEBLENDED_AT_EDGE STATIONARY BAD_MOVING_FIT BINNED1 SUBTRACTED NOTCHECKED INTERP CHILD EDGE ,1875877662963034112,0.01612693,1.681136e-05,0,GALAXY,BROADLINE,24.7085416995888
146,1237661060111270244,50.3783516844226,41.7692572319905,16.74914,16.32389,1.547439,2.148781,1.927097,1.009399,1.502163,0.4927635,0.9176979,3.199666,35253360132624,DEBLENDED_AT_EDGE STATIONARY BINNED1 INTERP MANYPETRO CHILD ,1875899928073496576,0.04940607,1.174278e-05,0,GALAXY,,24.7149778109166
147,1237661083199210655,49.6089271981223,41.1874693492049,18.48174,18.00409,0.7913657,1.64889,1.217798,0.7493057,0.9949646,0.2456589,0.4684925,1.329185,263951778709520,PSF_FLUX_INTERP DEBLEND_NOPEAK DEBLENDED_AT_EDGE INTERP_CENTER STATIONARY BINNED1 INTERP CHILD ,1874688815763843072,-7.150422e-05,1.021485e-05,0,STAR,F9,24.7624706802827
148,1237661059574530886,50.4668689770366,41.3705401026461,18.0958,17.71999,1.69034,2.605005,2.025856,1.278723,1.768171,0.4894485,0.7471333,1.502858,193617394270296,PSF_FLUX_INTERP DEBLENDED_AT_EDGE INTERP_CENTER STATIONARY BAD_MOVING_FIT BINNED1 INTERP NODEBLEND CHILD BLENDED ,1875781180817696768,6.190497e-05,9.595528e-06,0,STAR,K7,24.9105232036676
150,1237661059574138014,49.5269787314467,41.7991761650479,15.88972,15.52506,1.52212,2.021513,1.847678,0.9842319,1.461708,0.4774761,0.8634462,3.819121,35255507619856,DEBLENDED_AT_EDGE STATIONARY MOVED BINNED1 INTERP COSMIC_RAY CHILD ,1875876563451406336,0.026633,7.292426e-06,0,GALAXY,,25.468542113042
152,1237661055281659994,49.3661256874807,41.4880812795921,14.1539,13.78648,1.503254,2.051811,1.831284,0.9742117,1.46669,0.4924784,0.8570719,18.98946,1161153266979088,DEBLEND_DEGENERATE DEBLENDED_AT_EDGE STATIONARY BINNED1 INTERP COSMIC_RAY NOPETRO CHILD ,1875825985916528640,0.01683295,7.320304e-06,0,GALAXY,BROADLINE,26.1323297613219
154,1237661059574137345,49.5813214431258,41.8559828364649,15.42837,15.05605,1.491985,2.045612,1.824386,0.9884501,1.449248,0.4607983,0.8359356,6.034668,105622106149396,DEBLEND_NOPEAK DEBLENDED_AT_EDGE STATIONARY BINNED1 SUBTRACTED NOTCHECKED SATURATED INTERP COSMIC_RAY MANYPETRO CHILD EDGE ,1874755336217323520,0.02767919,7.190252e-06,0,GALAXY,,26.2924930383117
155,1237661060111204787,50.2412948084998,41.8938503657885,13.70485,13.28549,1.810875,2.32623,2.185272,1.106351,1.73751,0.6311588,1.078921,13.80309,35253360398352,DEBLENDED_AT_EDGE STATIONARY BINNED1 SATURATED INTERP COSMIC_RAY CHILD ,1874773753037088768,0.01470186,5.048379e-06,0,GALAXY,BROADLINE,26.3826411308093
156,1237661083199275188,49.6507692111618,41.1286046001567,15.39939,14.94484,1.059963,1.993343,1.465769,1.059076,1.43905,0.3799734,0.4066925,1.138809,35225442848784,DEBLENDED_AT_EDGE BAD_MOVING_FIT DEBLENDED_AS_MOVING MOVED BINNED1 INTERP COSMIC_RAY CHILD ,1875811417387460608,-0.0001695436,6.885887e-06,0,STAR,K1,26.6464584288467
157,1237661055818858633,50.5378202439946,41.4507774213165,15.23594,14.83222,1.439226,2.050936,1.799652,0.9694901,1.443262,0.473772,0.830162,11.21194,35253360136208,DEBLENDED_AT_EDGE STATIONARY BINNED1 INTERP COSMIC_RAY CHILD ,1875782005451417600,0.02088038,9.344755e-06,0,GALAXY,,26.8325577888319
158,1237661059574531029,50.4849246036073,41.2983642796027,16.34046,15.98779,1.27888,1.951904,1.593737,0.8837719,1.274496,0.3907242,0.7099648,7.757533,35253360136208,DEBLENDED_AT_EDGE STATIONARY BINNED1 INTERP COSMIC_RAY CHILD ,1875780356183975936,0.01630381,1.234863e-05,0,GALAXY,,27.4350288685665
160,1237661060111139413,50.1299826378577,41.9502979314223,15.12645,14.71684,0.925566,1.835257,1.291257,0.9407415,1.330301,0.3895597,0.3505154,1.159227,35221147881488,DEBLENDED_AT_EDGE BAD_MOVING_FIT MOVED BINNED1 INTERP COSMIC_RAY CHILD ,1875898828561868800,-0.0001178014,7.648764e-06,0,STAR,K1,27.4856346313398
161,1237661060111074083,49.9410884084147,41.9764093259918,14.44186,14.03647,1.54587,2.058765,1.907802,1.00344,1.505374,0.5019341,0.9043617,7.136187,35219000397840,DEBLENDED_AT_EDGE BAD_MOVING_FIT BINNED1 INTERP COSMIC_RAY CHILD ,1875887833445591040,0.01602614,6.366049e-06,0,GALAXY,BROADLINE,27.7996946248362
162,1237661055281988048,50.2822057978094,41.1160492772003,18.98148,18.67382,0.3708319,1.426273,0.6455021,0.3472309,0.770319,0.4230881,0.2982712,1.189595,105656464048144,DEBLEND_NOPEAK DEBLENDED_AT_EDGE STATIONARY BAD_MOVING_FIT BINNED1 INTERP CHILD ,1875789152276998144,-2.336368e-06,7.932705e-06,0,STAR,F9,28.2160110645633
163,1237661083199144302,49.3869972146589,41.296989045752,14.76266,14.40832,1.428403,1.99568,1.744754,0.9391747,1.387076,0.4479017,0.8055792,10.14158,35253360660496,DEBLENDED_AT_EDGE STATIONARY BINNED1 NOTCHECKED INTERP COSMIC_RAY CHILD ,1874687716252215296,0.01944314,6.223693e-06,0,GALAXY,,28.3299307533998
164,1237661083199144825,49.359348013872,41.3355162432555,17.55119,17.19427,1.495949,1.983553,1.814596,0.9707489,1.43388,0.463131,0.8438473,2.91886,35253360132112,DEBLENDED_AT_EDGE STATIONARY BINNED1 INTERP CHILD ,1875825161282807808,0.05922813,1.806855e-05,0,GALAXY,,28.4920769561456
165,1237661083199079603,49.3236841359998,41.4214466740835,15.46424,15.10162,1.42502,1.90966,1.748759,0.9255457,1.397933,0.4723873,0.8232136,9.336884,35219001311248,DEBLENDED_AT_EDGE BAD_MOVING_FIT BINNED1 SUBTRACTED CHILD ,1875824336649086976,0.02083413,1.009681e-05,0,GALAXY,,28.5454610534508
166,1237661055818858862,50.5802270782083,41.4454066396289,15.22934,14.82012,1.513277,2.067575,1.878614,0.9889984,1.488304,0.4993057,0.889616,8.001989,35253360398352,DEBLENDED_AT_EDGE STATIONARY BINNED1 SATURATED INTERP COSMIC_RAY CHILD ,1875782280329324544,0.02055154,7.56611e-06,0,GALAXY,,28.7662518940905
167,1237661060111270442,50.4645521200175,41.7972508487597,14.96515,14.53317,1.762859,2.201223,2.148524,1.115597,1.709916,0.5943193,1.032928,5.437454,35184640659472,DEBLENDED_AT_EDGE BINNED1 INTERP COSMIC_RAY CHILD ,1875913122213029888,0.0193608,7.524445e-06,0,GALAXY,BROADLINE,28.8028382222997
168,1237661055818531808,49.7646076974504,41.9741404391237,14.96885,14.59442,1.459037,2.049974,1.793324,0.9574709,1.457897,0.5004263,0.8358526,6.394519,35184641708048,DEBLENDED_AT_EDGE BINNED1 SUBTRACTED INTERP COSMIC_RAY CHILD ,1874760833775462400,0.01533468,5.543508e-06,0,GALAXY,BROADLINE,28.838548419931
169,1237661083199275476,49.6812283687428,41.0724997416086,13.93868,13.55276,1.573056,2.073194,1.917592,1.001932,1.540995,0.5390625,0.9156599,13.89175,35253360136208,DEBLENDED_AT_EDGE STATIONARY BINNED1 INTERP COSMIC_RAY CHILD ,1875810592753739776,0.0189498,7.54687e-06,0,GALAXY,BROADLINE,29.0187151165481
170,1237661055281988793,50.3513890522591,41.1358669686683,16.30981,15.99652,1.276944,1.641029,1.556646,0.8648815,1.262527,0.397645,0.6917648,10.13923,52845546180624,DEBLENDED_AT_EDGE INTERP_CENTER STATIONARY BINNED1 INTERP COSMIC_RAY CHILD ,1874651157490591744,0.02058422,1.910379e-05,0,GALAXY,,29.0654845241556
171,1237661083199078963,49.3067191820093,41.4355052201931,14.84952,14.4889,1.390994,1.899044,1.712949,0.9275637,1.3781,0.4505367,0.7853851,9.490194,35253360132112,DEBLENDED_AT_EDGE STATIONARY BINNED1 INTERP CHILD ,1874686891618494464,0.01664257,5.955367e-06,0,GALAXY,BROADLINE,29.1446360669801
172,1237661055281595362,49.3356924370468,41.6862404604867,17.49317,17.12125,0.9346491,1.233128,1.266691,0.6305046,1.057232,0.4267273,0.6361866,3.750582,35253360001040,DEBLENDED_AT_EDGE STATIONARY BINNED1 CHILD ,1875867492480477184,0.1339846,7.321081e-06,0,GALAXY,STARBURST,29.3169454254055
173,1237661059574531166,50.4370749095024,41.1881314967587,18.36819,18.04255,0.6046111,1.328714,0.8953438,0.5628929,0.7877197,0.2248268,0.3324509,1.268636,35253360132624,DEBLENDED_AT_EDGE STATIONARY BINNED1 INTERP MANYPETRO CHILD ,1874651432368498688,-0.0002109229,1.293104e-05,0,STAR,F9,29.4618714257647
174,1237661060111336458,50.5410991979522,41.7273450946203,14.8987,14.48003,1.373976,2.032057,1.747755,0.9474602,1.38022,0.4327602,0.8002949,15.25338,35255507616016,DEBLENDED_AT_EDGE STATIONARY MOVED BINNED1 INTERP NOPETRO CHILD ,1874775402304530432,0.01388589,9.428596e-06,0,GALAXY,BROADLINE,29.5981560448169
175,1237661083199144802,49.3341940619202,41.330028965925,16.71757,16.36122,1.420195,1.844263,1.738333,0.9127541,1.363832,0.4510784,0.8255787,7.393939,35253360132112,DEBLENDED_AT_EDGE STATIONARY BINNED1 INTERP CHILD ,1874685242351052800,0.05933218,1.431923e-05,0,GALAXY,,29.6660668255323
176,1237661059574137153,49.5106706715106,41.8881510691392,17.35184,17.00129,0.479496,1.151405,0.7924538,0.475071,0.7002659,0.2251949,0.3173828,1.045291,35253360001040,DEBLENDED_AT_EDGE STATIONARY BINNED1 CHILD ,1875879037352568832,-0.0002535893,1.315618e-05,0,STAR,F5,29.798113103971
177,1237661055281594509,49.3050585509131,41.650954259702,14.47081,14.09556,1.580378,2.050713,1.915394,1.020817,1.512748,0.491931,0.894577,12.71222,35219001708560,DEBLENDED_AT_EDGE BAD_MOVING_FIT BINNED1 SUBTRACTED SATURATED INTERP COSMIC_RAY CHILD ,1874739393298720768,0.02040782,5.797316e-06,0,GALAXY,,29.9613440140633
178,1237661055281594891,49.2837319861403,41.569055834369,17.22175,16.86081,0.9229512,1.144636,1.245199,0.5022316,0.6710262,0.1687946,0.7429676,2.022664,72163181782503440,MAYBE_CR DEBLEND_NOPEAK DEBLENDED_AT_EDGE BAD_MOVING_FIT BINNED1 INTERP COSMIC_RAY CHILD ,1874742691833604096,-1.227776e-05,8.150641e-06,0,STAR,F9,29.9617369150627
179,1237661055281988858,50.4211048882726,41.1599528742314,18.22429,17.90444,0.7366381,1.392191,1.022192,0.6181202,0.8128738,0.1947536,0.4040718,1.544082,17661174091776,INTERP_CENTER STATIONARY BINNED1 INTERP COSMIC_RAY ,1875778706916534272,-8.916161e-05,1.330362e-05,0,STAR,F9,30.0953872828841
181,1237661083199079044,49.3008178765353,41.3811309686393,17.19889,16.83648,1.454001,1.979811,1.777552,0.9287243,1.418081,0.489357,0.8488274,4.434128,35253361709076,DEBLENDED_AT_EDGE STATIONARY BINNED1 SUBTRACTED NOTCHECKED INTERP COSMIC_RAY CHILD EDGE ,1875826260794435584,0.05939694,1.40681e-05,0,GALAXY,,30.1076937087524
182,1237661060111074117,49.9764794969313,42.0146657676511,14.50536,14.09934,1.663541,2.038153,2.02602,1.027195,1.572117,0.5449219,0.9988251,13.4953,35219000397840,DEBLENDED_AT_EDGE BAD_MOVING_FIT BINNED1 INTERP COSMIC_RAY CHILD ,1875888108323497984,0.0155698,9.102262e-06,0,GALAXY,AGN,30.1234420135565
183,1237661055818465980,49.7233351705975,41.9871720395959,16.34774,15.97935,0.3924245,1.156849,0.7213154,0.473238,0.7244892,0.2512512,0.2480774,19.57009,35253361447440,DEBLENDED_AT_EDGE STATIONARY BINNED1 SUBTRACTED SATURATED INTERP COSMIC_RAY MANYPETRO CHILD ,1874757535240579072,-0.000225308,9.267887e-06,0,STAR,F5,30.1504334662938
184,1237661055818465917,49.6969855145771,41.9806120446948,15.11606,14.74978,1.341369,1.812647,1.66837,0.8832788,1.315913,0.4326344,0.7850914,18.86326,35253361185040,DEBLENDED_AT_EDGE STATIONARY BINNED1 SUBTRACTED INTERP COSMIC_RAY NOPETRO CHILD ,1875886184178149376,0.0174931,1.013322e-05,0,GALAXY,,30.1960645947545
185,1237661060111204890,50.3331335352798,41.9289843514299,14.58212,14.15871,1.229526,1.897065,1.607539,0.8241234,1.280101,0.4559774,0.7834158,20.2764,35219000397912,DEBLENDED_AT_EDGE BAD_MOVING_FIT BINNED1 INTERP COSMIC_RAY NODEBLEND CHILD BLENDED ,1874773478159181824,0.009894825,5.769944e-06,0,GALAXY,,30.3668297231767
186,1237661060111204887,50.332964562893,41.9318584299157,14.27695,13.85353,1.182422,1.470821,1.560439,0.7297134,1.154197,0.4244833,0.8307257,7.04322,1161118907240464,DEBLEND_DEGENERATE DEBLENDED_AT_EDGE BAD_MOVING_FIT BINNED1 INTERP COSMIC_RAY CHILD ,1875900202951403520,0.00988334,9.029792e-06,0,GALAXY,STARFORMING,30.5041773181763
187,1237661060111270783,50.4167280395728,41.8854259834874,19.13459,18.70981,1.723909,0.3591003,2.103149,0.5720959,1.422861,0.8507652,1.531054,1.245746,2381827801600,BAD_MOVING_FIT_CHILD PEAKS_TOO_CLOSE BAD_MOVING_FIT NODEBLEND_MOVING MOVED BINNED1 MANYPETRO ,2721474135736739840,4.944745e-05,1.614783e-05,0,STAR,M3,30.6990861518405
188,1237661083199406143,49.9799372067838,41.0019206515408,14.73238,14.42508,0.3060176,1.36926,0.5803633,0.5355196,0.6925983,0.1570787,0.04484367,1.263539,193550822277136,PSF_FLUX_INTERP DEBLENDED_AT_EDGE INTERP_CENTER BAD_MOVING_FIT MOVED BINNED1 INTERP CHILD ,1875794924713043968,8.460406e-05,9.755094e-06,0,STAR,F2,30.707377595725
189,1237661059574137084,49.4917084104085,41.9004985957316,14.91149,14.56861,1.432458,1.942652,1.738581,0.92204,1.383881,0.4618406,0.8165407,8.157816,35253360398352,DEBLENDED_AT_EDGE STATIONARY BINNED1 SATURATED INTERP COSMIC_RAY CHILD ,1875879587108382720,0.02682044,6.753354e-06,0,GALAXY,,30.913521953078
190,1237661060111335970,50.5975011502279,41.6876454625289,15.63863,15.24009,0.3804601,1.316759,0.736269,0.6033735,0.8356962,0.2323227,0.1328955,1.238689,2381827801088,BAD_MOVING_FIT_CHILD PEAKS_TOO_CLOSE BAD_MOVING_FIT NODEBLEND_MOVING MOVED BINNED1 ,1874774027914995712,-1.641903e-05,8.017039e-06,0,STAR,G2,31.0210588141389
191,1237661083199079585,49.2728503868999,41.3816916162151,18.24732,17.88568,0.4215097,1.186684,0.7443714,0.4894333,0.6810169,0.1915836,0.2549381,1.186409,35253360132112,DEBLENDED_AT_EDGE STATIONARY BINNED1 INTERP CHILD ,1874698986246400000,-7.24655e-05,1.290586e-05,0,STAR,G2,31.3143499076179
192,1237661060111074617,49.9052836421163,42.0396064642869,17.27948,16.88574,1.430794,1.79331,1.782312,0.8917217,1.40423,0.5125084,0.8905907,1.143384,34628173824,BAD_MOVING_FIT BINNED1 ,1875887008811870208,-0.0002692883,8.885756e-06,0,GALAXY,,31.6446960742935
193,1237661055818465750,49.6637743795543,41.9971068206255,15.18591,14.82304,1.432495,1.941868,1.756459,0.9290638,1.412671,0.4836073,0.8273954,6.361455,35184640655376,DEBLENDED_AT_EDGE BINNED1 INTERP CHILD ,1874752862316161024,0.02714515,5.346038e-06,0,GALAXY,,31.681410014662
194,1237661055281594523,49.2583291006457,41.6329482608525,17.49508,17.12873,1.454267,1.959175,1.781338,1.04707,1.510738,0.4636688,0.7342682,1.561496,35184675258384,DEBLENDED_AT_EDGE BINNED1 DEBLENDED_AS_PSF SUBTRACTED INTERP CHILD ,1875870241259546624,0.01235515,8.770384e-06,0,GALAXY,BROADLINE,31.7242740122792
196,1237661055281594421,49.2842438443606,41.7045780881608,16.58154,16.22656,1.614067,2.102201,1.930984,1.090538,1.554058,0.4635201,0.8404465,6.259315,35253360136208,DEBLENDED_AT_EDGE STATIONARY BINNED1 INTERP COSMIC_RAY CHILD ,1875867767358384128,0.1340486,1.411338e-05,0,GALAXY,,31.8621704876369
198,1237670457511249007,49.6536369464932,41.0192114952362,14.65362,14.31938,1.32468,1.920501,1.623085,0.8525095,1.300254,0.4477444,0.7705755,25.2602,35253360136464,DEBLENDED_AT_EDGE STATIONARY BINNED1 INTERP COSMIC_RAY NOPETRO CHILD ,1875814166166530048,0.01541553,8.403626e-06,0,GALAXY,BROADLINE,32.4471303574707
199,1237661059574595780,50.5828459137216,41.2553051931563,15.60067,15.24785,1.348703,1.680008,1.663694,0.8909025,1.311364,0.4204617,0.7727919,10.80535,35253360136208,DEBLENDED_AT_EDGE STATIONARY BINNED1 INTERP COSMIC_RAY CHILD ,1874643186031290368,0.04044469,1.16302e-05,0,GALAXY,STARFORMING,32.5478512054652
200,1237661083199079670,49.2708622239415,41.3122739854936,18.19426,17.83792,1.277066,2.250494,1.595196,0.9691048,1.345999,0.376894,0.626091,1.413636,35253360132112,DEBLENDED_AT_EDGE STATIONARY BINNED1 INTERP CHILD ,1874698711368493056,-0.0002275567,9.128199e-06,0,STAR,K3,32.7112995106149
201,1237661083199078715,49.249038431142,41.356596999995,13.90842,13.5445,1.568522,2.08258,1.893417,0.9928551,1.486434,0.4935789,0.9005623,6.4932,35253361709076,DEBLENDED_AT_EDGE STATIONARY BINNED1 SUBTRACTED NOTCHECKED INTERP COSMIC_RAY CHILD EDGE ,1874696512345237504,0.02099576,5.926605e-06,0,GALAXY,,32.7572016095435
202,1237670458048120047,49.382806412098,41.1655612135106,17.59375,17.19641,1.570823,1.739153,1.925562,1.005037,1.548006,0.5429688,0.9205246,3.341765,2381827801856,BAD_MOVING_FIT_CHILD PEAKS_TOO_CLOSE BAD_MOVING_FIT NODEBLEND_MOVING MOVED BINNED1 MANYPETRO NOPETRO ,1874684142839425024,0.1360217,1.578165e-05,0,GALAXY,STARFORMING,32.8649537464772
203,1237661060111074442,49.8575014176214,42.0590221014334,16.7579,16.36713,1.317836,2.314903,1.666704,1.036024,1.421198,0.3851738,0.6306801,1.221044,35219000393744,DEBLENDED_AT_EDGE BAD_MOVING_FIT BINNED1 INTERP CHILD ,1874760284019648512,1.270801e-05,7.734838e-06,0,STAR,K5,32.9975120248933
204,1237661059574595783,50.5904926775418,41.2415948867732,14.50663,14.15495,1.39346,2.019332,1.707438,0.9471073,1.403977,0.4568701,0.7603302,22.25575,52845546180880,DEBLENDED_AT_EDGE INTERP_CENTER STATIONARY BINNED1 INTERP COSMIC_RAY NOPETRO CHILD ,1875780081306068992,0.01282975,1.224674e-05,0,GALAXY,BROADLINE,33.2490389402778
205,1237661083199079629,49.2475173645298,41.325886015873,17.59249,17.22976,1.480813,1.558619,1.804649,0.9757576,1.498127,0.5223694,0.8288918,3.375067,35255507485200,DEBLENDED_AT_EDGE STATIONARY MOVED BINNED1 MANYPETRO CHILD ,1874698161612679168,0.1319474,6.372086e-06,0,GALAXY,AGN,33.403617551375
206,1237670960021176666,49.4250721764716,41.1156249507559,17.48279,17.07238,2.368811,4.474867,2.73522,1.66448,2.29166,0.6271801,1.07074,4.56327,263917420810516,PSF_FLUX_INTERP DEBLEND_NOPEAK DEBLENDED_AT_EDGE INTERP_CENTER BAD_MOVING_FIT BINNED1 SUBTRACTED NOTCHECKED SATURATED INTERP COSMIC_RAY NOPETRO CHILD EDGE ,1875825711038621696,0.2197503,2.950729e-05,0,GALAXY,,33.4865810214468
207,1237661060111270035,50.4581020034618,41.9205467661767,18.15138,17.73355,0.4607608,1.388115,0.8337955,0.4099331,0.6266632,0.2167301,0.4238625,0.9899566,72092881757798416,MAYBE_CR DEBLENDED_AT_EDGE STATIONARY BAD_MOVING_FIT BINNED1 INTERP CHILD ,2698953663648393216,-0.0002358701,7.729455e-06,0,STAR,F5,33.4996690356021
208,1237670457511248499,49.8005517874171,40.9643133905101,16.17495,15.85699,1.218494,2.190695,1.50236,0.9308319,1.278913,0.3480806,0.5715284,1.585748,193617394270224,PSF_FLUX_INTERP DEBLENDED_AT_EDGE INTERP_CENTER STATIONARY BAD_MOVING_FIT BINNED1 INTERP CHILD ,1875802896172345344,-0.0001422495,6.996767e-06,0,STAR,K3,33.5809356278583
209,1237661060111401250,50.6822289533775,41.6290010185159,20.45706,20.06032,-1.776341,-1.43461,-1.422134,0.944788,-2.953976,-3.898764,-2.366922,3.305239,105656464048472,DEBLEND_NOPEAK DEBLENDED_AT_EDGE STATIONARY BAD_MOVING_FIT BINNED1 INTERP NOPETRO NODEBLEND CHILD BLENDED ,1874787771810342912,-0.0002478327,8.957029e-06,0,STAR,F9,33.7407128777258
210,1237661083199143948,49.2612760202228,41.2756095639857,17.60666,17.25892,1.8075,2.224884,2.11795,1.223053,1.714262,0.491209,0.8948975,3.039936,35253360922676,DEBLENDED_AT_EDGE STATIONARY BINNED1 NOTCHECKED SATURATED INTERP COSMIC_RAY PEAKCENTER CHILD EDGE ,1874697062101051392,0.1343145,2.104332e-05,0,GALAXY,,33.9829513397348
211,1237661060111138987,50.1068904570071,42.070353857748,16.17444,15.74691,1.324662,1.874245,1.706353,0.9200993,1.346481,0.4263821,0.7862539,8.777655,35253360136208,DEBLENDED_AT_EDGE STATIONARY BINNED1 INTERP COSMIC_RAY CHILD ,1875898553683961856,0.01564927,1.249011e-05,0,GALAXY,BROADLINE,34.19451800318
212,1237661055281988410,50.3391547714695,41.0246258201789,15.66634,15.35761,1.270786,1.762772,1.546414,0.8491659,1.268103,0.4189367,0.6972485,10.16121,35253360136208,DEBLENDED_AT_EDGE STATIONARY BINNED1 INTERP COSMIC_RAY CHILD ,1875789976910718976,0.01820497,1.327935e-05,0,GALAXY,,34.237721371391
214,1237661055818400274,49.4600235807703,41.967594658347,13.95704,13.62627,1.481622,2.034743,1.776927,0.9647369,1.446553,0.4818163,0.8121901,17.66235,1161187627765776,DEBLEND_DEGENERATE DEBLENDED_AT_EDGE STATIONARY BAD_MOVING_FIT BINNED1 SUBTRACTED INTERP COSMIC_RAY CHILD ,1875877388085127168,0.01260253,6.160235e-06,0,GALAXY,BROADLINE,34.9051322870784
215,1237661059574071869,49.2760306599565,41.8273941676392,17.52375,17.20812,2.071716,2.247715,2.353498,1.412634,1.926338,0.5137043,0.9408646,3.316804,193583034535952,PSF_FLUX_INTERP DEBLENDED_AT_EDGE INTERP_CENTER STATIONARY BINNED1 INTERP COSMIC_RAY CHILD ,1875866667846756352,0.1742065,2.222497e-05,0,GALAXY,,35.4841714235401
217,1237661060111074655,49.9794732374551,42.1043019829603,18.07262,17.67026,0.5078288,1.330738,0.8670502,0.5260277,0.7584858,0.2324581,0.3410225,1.038343,68988043264,STATIONARY BINNED1 INTERP ,1874748739147556864,-0.0001660849,1.259017e-05,0,STAR,G2,35.5023863756264
218,1237661059574072500,49.3634825275576,41.9166021599807,14.86262,14.54443,1.462416,1.962163,1.746492,0.934885,1.386709,0.4518242,0.8116074,13.13347,35255507619856,DEBLENDED_AT_EDGE STATIONARY MOVED BINNED1 INTERP COSMIC_RAY CHILD ,1875880686620010496,0.01753139,7.848814e-06,0,GALAXY,,35.6150344970243
220,1237661055282054268,50.5297471843039,41.112334284405,17.60717,17.27373,0.9573414,1.974979,1.25503,0.7979031,1.07251,0.2746067,0.4571266,1.412026,69055021640,STATIONARY BINNED1 DEBLEND_PRUNED MANYPETRO NODEBLEND BLENDED ,1875778157160720384,-4.19129e-05,8.083282e-06,0,STAR,K1,35.6179059291981
222,1237670458048119916,49.3052263592404,41.1654926559812,17.54562,17.17457,1.854683,2.074371,2.185951,1.204983,1.731142,0.5261593,0.9809685,3.597123,193585182019600,PSF_FLUX_INTERP DEBLENDED_AT_EDGE INTERP_CENTER STATIONARY MOVED BINNED1 INTERP COSMIC_RAY CHILD ,1874686066984773632,0.1352471,2.046187e-05,0,GALAXY,,35.6377128673807
223,1237670457511248224,49.6135537271712,40.9712756655696,18.37314,18.05848,0.1726402,1.381266,0.4535618,0.3756752,0.4452553,0.06958008,0.07788658,7.861979,105622104313872,DEBLEND_NOPEAK DEBLENDED_AT_EDGE STATIONARY BINNED1 INTERP COSMIC_RAY CHILD ,1875812516899088384,-0.0002263893,1.924504e-05,0,STAR,F5,35.8157046546737
224,1237661055281530187,49.1530003249114,41.5955682098865,17.32498,16.99794,1.900497,2.178995,2.192465,1.241671,1.773619,0.5319481,0.9507942,5.407341,35253360136208,DEBLENDED_AT_EDGE STATIONARY BINNED1 INTERP COSMIC_RAY CHILD ,1875868317114198016,0.1465144,2.834248e-05,0,GALAXY,,35.978556101503
225,1237661059574596006,50.5828639706062,41.1480558524049,15.28997,14.94442,1.214543,1.987999,1.523049,0.9137974,1.353963,0.4401655,0.609252,12.99234,193583035580432,PSF_FLUX_INTERP DEBLENDED_AT_EDGE INTERP_CENTER STATIONARY BINNED1 SUBTRACTED INTERP CHILD ,1875778981794441216,0.01650658,1.223522e-05,0,GALAXY,,36.0726181092067
227,1237661055818400418,49.5094031203789,42.0184649487747,16.73773,16.40192,0.4542071,1.267141,0.754015,0.4998875,0.674736,0.1748486,0.2541275,1.187347,68987912192,STATIONARY BINNED1 ,1874753686949881856,4.75109e-05,9.818635e-06,0,STAR,G2,36.088738064764
228,1237661059574596781,50.620634164573,41.1817977098067,17.37785,17.02805,0.9560581,1.833467,1.268347,0.8001308,1.080767,0.2806358,0.4682159,1.127831,35191083106832,DEBLENDED_AT_EDGE DEBLENDED_AS_MOVING MOVED BINNED1 INTERP MANYPETRO CHILD ,1875768811311884288,1.048145e-05,7.451504e-06,0,STAR,K1,36.2852102443168
230,1237661083199078708,49.1790722767687,41.3248987108148,12.32921,11.95804,1.566699,1.820813,1.898073,1.037848,1.576323,0.538475,0.8602257,36.63895,193583036371220,PSF_FLUX_INTERP DEBLENDED_AT_EDGE INTERP_CENTER STATIONARY BINNED1 SUBTRACTED NOTCHECKED SATURATED INTERP COSMIC_RAY NOPETRO CHILD EDGE ,1874695412833609728,0.01884922,8.526343e-06,0,GALAXY,STARFORMING,36.3371863267951
231,1237661083199079644,49.2134396725706,41.255767695952,15.30739,14.96337,1.228351,1.719038,1.535485,0.8464794,1.241166,0.3946867,0.6890059,12.43182,35253360132112,DEBLENDED_AT_EDGE STATIONARY BINNED1 INTERP CHILD ,1874699261124306944,0.01453519,1.043886e-05,0,GALAXY,,36.4418233420657
232,1237661083199471975,50.2683354725156,40.9547157232033,15.23013,14.91515,1.413193,1.949722,1.6944,0.8856936,1.367972,0.4822788,0.8087063,9.641929,35287719874576,DEBLENDED_AT_EDGE STATIONARY BAD_MOVING_FIT BINNED1 INTERP COSMIC_RAY CHILD ,1875763313753745408,0.0149144,8.324116e-06,0,GALAXY,BROADLINE,36.51118686933
233,1237661083199079436,49.1598467942621,41.3603819153231,17.59345,17.22563,3.049234,2.706192,3.37762,1.519245,2.717966,1.198721,1.858375,1.141658,193583034531856,PSF_FLUX_INTERP DEBLENDED_AT_EDGE INTERP_CENTER STATIONARY BINNED1 INTERP CHILD ,1874697336978958336,0.0001001927,1.019218e-05,0,STAR,M3,36.5603427165174
234,1237661083199406555,50.0216265345616,40.9062377956518,14.20008,13.88698,1.144583,1.735005,1.424113,0.7356176,1.122211,0.3865938,0.6884956,9.250538,35253360136208,DEBLENDED_AT_EDGE STATIONARY BINNED1 INTERP COSMIC_RAY CHILD ,1874661877728962560,0.01398116,4.504746e-06,0,GALAXY,BROADLINE,36.5684585369023
235,1237661060111402196,50.7499979455199,41.6323363181993,16.95242,16.54581,1.860482,2.185713,2.223492,1.244482,1.750311,0.5058289,0.9790096,6.720034,35253360136208,DEBLENDED_AT_EDGE STATIONARY BINNED1 INTERP COSMIC_RAY CHILD ,1874786672298715136,0.1329795,2.024555e-05,0,GALAXY,,36.7602444659184
236,1237661055818924980,50.7686625117234,41.4678934573744,16.71532,16.29125,1.629637,2.071175,2.008237,1.065496,1.587433,0.5219364,0.9427404,4.135248,35255507619856,DEBLENDED_AT_EDGE STATIONARY MOVED BINNED1 INTERP COSMIC_RAY CHILD ,1874644560420825088,0.04858676,1.289695e-05,0,GALAXY,,37.0415309302146
237,1237661059574596258,50.6673686320564,41.2126523085706,14.43831,14.07937,0.568234,1.613779,0.88869,0.7567177,0.8460636,0.08934593,0.1319723,1.25901,35221147877392,DEBLENDED_AT_EDGE BAD_MOVING_FIT MOVED BINNED1 INTERP CHILD ,1875769635945605120,-6.580129e-05,7.613584e-06,0,STAR,F9,37.1238144700299
239,1237670458048119931,49.2224407532527,41.2107571670515,17.60284,17.26394,1.737206,1.927408,2.03977,1.12451,1.647514,0.5230045,0.9152603,3.471,35255507615760,DEBLENDED_AT_EDGE STATIONARY MOVED BINNED1 INTERP CHILD ,1875822687381645312,0.1297812,2.007253e-05,0,GALAXY,AGN,37.3207984907497
240,1237661055818401198,49.5908758649711,42.0769970782354,16.8116,16.45724,1.115265,1.26972,1.431625,0.7243919,1.162943,0.4385509,0.7072334,4.63175,17661174088192,INTERP_CENTER STATIONARY BINNED1 INTERP MANYPETRO ,1875879312230475776,0.08103215,5.73477e-06,0,GALAXY,STARFORMING,37.3906767191743
241,1237661056355598369,50.5108666960756,41.9734820650858,14.52539,14.11097,1.464756,2.117164,1.834746,0.9790344,1.501211,0.5221767,0.8557119,12.13072,35253361446928,DEBLENDED_AT_EDGE STATIONARY BINNED1 SUBTRACTED SATURATED INTERP COSMIC_RAY CHILD ,1874774302792902656,0.01902402,5.677336e-06,0,GALAXY,BROADLINE,37.4287593336698
242,1237661059574072371,49.2704224083103,41.8801243695276,17.53646,17.22329,2.477415,2.797422,2.757013,1.487082,2.275837,0.7887554,1.269932,1.222599,35255507615760,DEBLENDED_AT_EDGE STATIONARY MOVED BINNED1 INTERP CHILD ,1875866118090942464,1.52504e-05,9.038277e-06,0,STAR,M1,37.4550217909146
244,1237670458048119435,49.1911195737604,41.2502476248583,16.94715,16.6041,1.824945,2.371304,2.131212,1.185606,1.720402,0.5347958,0.9456062,5.274931,193583034535952,PSF_FLUX_INTERP DEBLENDED_AT_EDGE INTERP_CENTER STATIONARY BINNED1 INTERP COSMIC_RAY CHILD ,1874695687711516672,0.1304954,1.96307e-05,0,GALAXY,,37.4938069827008
245,1237670458048119710,49.3251842130382,41.0951629449596,17.17741,16.79142,1.823501,1.94636,2.168104,1.180946,1.765947,0.585001,0.9871578,4.206388,35289867223384,DEBLENDED_AT_EDGE STATIONARY BAD_MOVING_FIT MOVED BINNED1 NOPETRO NODEBLEND CHILD BLENDED ,1874684967473145856,0.1347003,1.642114e-05,0,GALAXY,STARFORMING,37.5973741620917
246,1237661056355533145,50.3919240202929,42.0448601777284,18.41097,17.98166,2.33489,2.966528,2.718166,1.542536,2.27276,0.7302246,1.175631,1.162031,123179930615896,DEBLEND_NOPEAK DEBLENDED_AT_EDGE INTERP_CENTER BAD_MOVING_FIT BINNED1 INTERP NODEBLEND CHILD BLENDED ,1875898003928147968,-0.0004191752,1.143296e-05,0,STAR,M0,37.6137490905553
247,1237670960021111366,49.5125281499978,40.97490581775,16.77135,16.4371,0.6968657,1.515453,0.9952774,0.6255455,0.8738499,0.2483044,0.3697319,1.598859,35219000397840,DEBLENDED_AT_EDGE BAD_MOVING_FIT BINNED1 INTERP COSMIC_RAY CHILD ,1874686341862680576,-0.0001066809,8.439311e-06,0,STAR,F9,37.7678318930485
248,1237661055281529331,49.1146581784357,41.6270222115943,13.82937,13.51256,1.462495,1.910803,1.745333,0.9210596,1.379619,0.458559,0.8242731,12.84191,35253360136208,DEBLENDED_AT_EDGE STATIONARY BINNED1 INTERP COSMIC_RAY CHILD ,1875869416625825792,0.01656827,5.937732e-06,0,GALAXY,BROADLINE,37.9694285068077
250,1237661121850966603,49.1608997235118,41.266242194897,17.41565,17.06656,2.129307,2.958443,2.440973,1.494253,2.043756,0.5495033,0.9467201,3.980486,52845546704916,DEBLENDED_AT_EDGE INTERP_CENTER STATIONARY BINNED1 NOTCHECKED INTERP COSMIC_RAY CHILD EDGE ,1875823237137459200,0.1461723,2.190318e-05,0,GALAXY,,38.3475386581908
251,1237661122387771659,49.0938795937997,41.5585466232934,18.52437,18.20928,1.042603,2.075142,1.323902,0.7392311,0.9958954,0.2566643,0.584671,6.536575,105622104314384,DEBLEND_NOPEAK DEBLENDED_AT_EDGE STATIONARY BINNED1 INTERP COSMIC_RAY MANYPETRO CHILD ,1874733345984768000,-7.768497e-05,8.071741e-06,0,STAR,K3,38.3990581021411
252,1237661056355664912,50.6918648366703,41.833089380956,15.10928,14.66758,1.374194,1.902544,1.768535,0.945322,1.405643,0.4603205,0.8232126,13.20531,35253360136208,DEBLENDED_AT_EDGE STATIONARY BINNED1 INTERP COSMIC_RAY CHILD ,1875911472945588224,0.01576234,8.908986e-06,0,GALAXY,BROADLINE,38.5213779459915
253,1237661056355533240,50.4285451333377,42.0475495498722,16.4731,16.04488,1.326364,1.859404,1.708668,0.9178696,1.392744,0.4748745,0.7907982,6.967629,35253360132112,DEBLENDED_AT_EDGE STATIONARY BINNED1 INTERP CHILD ,1875911198067681280,0.01821254,1.536303e-05,0,GALAXY,BROADLINE,38.6401646615763
254,1237661056355664104,50.6836449324582,41.8512047165771,19.0059,18.56494,0.8602902,1.660572,1.253963,0.7534351,1.016186,0.2627506,0.5005283,5.390405,105622104313872,DEBLEND_NOPEAK DEBLENDED_AT_EDGE STATIONARY BINNED1 INTERP COSMIC_RAY CHILD ,1874787496932435968,-0.0002399383,8.929398e-06,0,STAR,G2,38.7561187637626
255,1237661059574596348,50.7209368086076,41.2300502890432,14.87551,14.51006,1.603257,1.824485,1.929524,0.9887037,1.565883,0.577179,0.9408207,18.12129,1301925115072528,DEBLEND_DEGENERATE PSF_FLUX_INTERP DEBLENDED_AT_EDGE STATIONARY BAD_MOVING_FIT BINNED1 INTERP COSMIC_RAY CHILD ,1875770185701419008,0.023068,1.3132e-05,0,GALAXY,STARFORMING,38.7775499646473
257,1237661055281529139,49.1546377561941,41.789265232571,15.47323,15.14341,1.482039,1.920444,1.77649,0.9497032,1.422047,0.4723434,0.826787,12.98037,35253360136208,DEBLENDED_AT_EDGE STATIONARY BINNED1 INTERP COSMIC_RAY CHILD ,1875869691503732736,0.01786711,9.709855e-06,0,GALAXY,,39.1854828191969
259,1237661056355599756,50.6136396777001,41.9375401903305,17.13341,16.72466,1.703414,2.195465,2.068342,1.105654,1.624189,0.5185356,0.9626884,3.347236,193583034531856,PSF_FLUX_INTERP DEBLENDED_AT_EDGE INTERP_CENTER STATIONARY BINNED1 INTERP CHILD ,1874772103769647104,0.0939189,1.508933e-05,0,GALAXY,,39.2491687698182
260,1237661060111401930,50.7700694512557,41.7542798736106,14.95202,14.52391,2.300051,3.206179,2.682261,1.724278,2.412503,0.6882248,0.9579821,1.146511,52813333921808,DEBLENDED_AT_EDGE INTERP_CENTER BAD_MOVING_FIT MOVED BINNED1 INTERP CHILD ,1875910373433960448,0.0001075552,8.978011e-06,0,STAR,M0,39.6577295753175
261,1237661056355467624,50.2509863621935,42.1422681125483,14.81149,14.38684,1.465671,2.071053,1.844787,0.9868488,1.476839,0.4899902,0.8579378,8.521447,35253360136208,DEBLENDED_AT_EDGE STATIONARY BINNED1 INTERP COSMIC_RAY CHILD ,1874767705723136000,0.01856065,5.034837e-06,0,GALAXY,BROADLINE,40.1265807567434
262,1237661083199079335,49.0848060252556,41.3322875112143,17.37789,17.00964,1.661357,2.232409,1.990122,1.119343,1.591516,0.4721737,0.870779,2.748656,35253360136240,DEBLENDED_AT_EDGE STATIONARY BINNED1 INTERP COSMIC_RAY PEAKCENTER CHILD ,1875833957375830016,0.1187965,1.760615e-05,0,GALAXY,,40.2662067962366
263,1237661059574071453,49.185064227473,41.8784282831725,17.95892,17.62805,0.6261535,1.352211,0.921545,0.6034603,0.820612,0.2171516,0.3180847,1.311241,35253360132112,DEBLENDED_AT_EDGE STATIONARY BINNED1 INTERP CHILD ,1875869141747918848,-0.0001277083,1.129671e-05,0,STAR,F9,40.5558708039819
264,1237661056355467464,50.2143340635918,42.1656500625065,17.1863,16.76677,0.3262123,0.9560127,0.7007618,0.3734856,0.5423126,0.1688271,0.3272762,3.863254,35219000393744,DEBLENDED_AT_EDGE BAD_MOVING_FIT BINNED1 INTERP CHILD ,1874767980601042944,0.02307738,5.231504e-06,0,GALAXY,STARBURST,40.9399355136259
265,1237661055818399778,49.3097652974681,42.0039586126424,17.52928,17.20769,0.5428656,1.275417,0.8299828,0.5316257,0.737484,0.2058582,0.298357,1.084719,35255507619856,DEBLENDED_AT_EDGE STATIONARY MOVED BINNED1 INTERP COSMIC_RAY CHILD ,1874741867199883264,1.533461e-05,9.410964e-06,0,STAR,G0,40.9884692136089
266,1237661056355533977,50.4257847531576,42.0984227637665,15.3665,14.93911,1.381358,1.843616,1.762926,0.9287949,1.391494,0.4626989,0.8341312,8.905957,35253360136208,DEBLENDED_AT_EDGE STATIONARY BINNED1 INTERP COSMIC_RAY CHILD ,1875895530026985472,0.01846567,8.291925e-06,0,GALAXY,,41.1395765237721
267,1237661055282118662,50.622745654887,41.0504450153301,14.81082,14.46986,1.591008,1.767377,1.89541,1.003204,1.565378,0.5621738,0.8922052,3.958615,105587745099796,DEBLEND_NOPEAK DEBLENDED_AT_EDGE BAD_MOVING_FIT BINNED1 NOTCHECKED INTERP COSMIC_RAY CHILD EDGE ,1875767436922349568,0.01680967,7.107819e-06,0,GALAXY,BROADLINE,41.2274208851291
268,1237661056355468698,50.3457694433509,42.1354449249521,17.91432,17.49104,0.4081165,1.252781,0.7860165,0.5052605,0.6734333,0.1681728,0.280756,1.250642,35255507619856,DEBLENDED_AT_EDGE STATIONARY MOVED BINNED1 INTERP COSMIC_RAY CHILD ,1874770454502205440,-0.0001330173,1.340889e-05,0,STAR,G0,41.3846632860295
269,1237661060111008081,49.7719870060151,42.1977103391592,18.89381,18.48163,1.218546,2.209063,1.586529,0.4832115,1.023191,0.5399799,1.103317,1.431664,105587744571480,DEBLEND_NOPEAK DEBLENDED_AT_EDGE BAD_MOVING_FIT BINNED1 INTERP NODEBLEND CHILD BLENDED ,1875862544678152192,-0.0001454824,1.050762e-05,0,STAR,F9,41.8120742809351
270,1237661060111467492,50.8756484938343,41.565798154594,16.11514,15.67768,1.572228,2.277065,1.96279,1.03977,1.504487,0.4647169,0.9230204,4.477521,35253360136464,DEBLENDED_AT_EDGE STATIONARY BINNED1 INTERP COSMIC_RAY NOPETRO CHILD ,1875898278806054912,0.04895718,1.006246e-05,0,GALAXY,,41.8384819394032
271,1237661056355598960,50.6945934204297,41.9412303787257,16.10706,15.67375,1.151814,2.217302,1.538662,0.8013039,1.242857,0.4415531,0.7373581,8.987879,35253361709076,DEBLENDED_AT_EDGE STATIONARY BINNED1 SUBTRACTED NOTCHECKED INTERP COSMIC_RAY CHILD EDGE ,1874783098885924864,0.02058976,1.268085e-05,0,GALAXY,,42.2070177234088
272,1237670457511182781,49.7058490785794,40.8275889370729,14.90032,14.57872,1.334998,1.862329,1.62212,0.8580294,1.284183,0.4261532,0.7640905,14.80651,1161153268289552,DEBLEND_DEGENERATE DEBLENDED_AT_EDGE STATIONARY BINNED1 SUBTRACTED SATURATED INTERP COSMIC_RAY CHILD ,1874659403827800064,0.01977851,8.626764e-06,0,GALAXY,,42.5448017712488
273,1237670458048118944,49.112658441068,41.1802159335769,15.15598,14.82518,1.249696,1.778517,1.545025,0.8192692,1.251318,0.4320488,0.7257557,13.51986,35287719874904,DEBLENDED_AT_EDGE STATIONARY BAD_MOVING_FIT BINNED1 INTERP COSMIC_RAY NOPETRO NODEBLEND CHILD BLENDED ,1874697611856865280,0.01497664,1.222687e-05,0,GALAXY,BROADLINE,42.5472646569221
274,1237670960021111003,49.4702754784142,40.8972443909435,16.15599,15.82822,1.369814,1.933783,1.662439,0.8691101,1.303921,0.4348106,0.7933292,9.145608,35253360136208,DEBLENDED_AT_EDGE STATIONARY BINNED1 INTERP COSMIC_RAY CHILD ,1875804545439787008,0.02100546,1.29259e-05,0,GALAXY,,42.7540894582927
275,1237661121850967050,49.0570287880535,41.2620576087679,17.93994,17.59509,0.617041,1.447832,0.9249191,0.6446686,0.9045029,0.2598343,0.2802505,2.140222,35259802451984,DEBLENDED_AT_EDGE STATIONARY DEBLENDED_AS_MOVING MOVED BINNED1 CHILD ,1875836431276992512,-9.85079e-05,1.171217e-05,0,STAR,F9,42.7874140569209
276,1237661055281529789,49.0197507763859,41.6848470319683,18.36659,18.06781,1.59445,2.352808,1.861197,1.146175,1.596228,0.4500523,0.7150211,1.256427,35219000263256,DEBLENDED_AT_EDGE BAD_MOVING_FIT BINNED1 MANYPETRO NODEBLEND CHILD BLENDED ,1875858146631641088,-0.0003939318,8.237582e-06,0,STAR,K5,42.8482487216383
277,1237661083199537291,50.3661499660058,40.8722375533118,15.5615,15.22909,1.064133,1.305347,1.360902,0.6856804,1.102632,0.4169512,0.6752214,8.341092,35287720661520,DEBLENDED_AT_EDGE STATIONARY BAD_MOVING_FIT BINNED1 NOTCHECKED SATURATED INTERP COSMIC_RAY MANYPETRO CHILD ,1875771560090953728,0.05205443,6.633152e-06,0,GALAXY,STARBURST,42.8623046323215
278,1237661056355599831,50.6769649197897,41.975853538663,18.52508,18.09444,2.128749,2.634863,2.51321,1.616327,2.106291,0.4899635,0.896883,2.566889,263953926193168,PSF_FLUX_INTERP DEBLEND_NOPEAK DEBLENDED_AT_EDGE INTERP_CENTER STATIONARY MOVED BINNED1 INTERP CHILD ,1874772378647554048,-0.0001006268,8.58302e-06,0,STAR,K5,42.8911032686396
279,1237661056355401949,49.9894351197685,42.2278508405121,17.1269,16.71561,0.4715876,1.385868,0.8387814,0.5444279,0.7944069,0.249979,0.2943535,1.427747,35253360132112,DEBLENDED_AT_EDGE STATIONARY BINNED1 INTERP CHILD ,1874747364758022144,-3.809013e-05,8.681184e-06,0,STAR,F9,42.9275332232886
280,1237661083199013391,49.0021741137901,41.4080470071518,15.50514,15.14414,1.074904,1.792715,1.397194,1.081118,1.371136,0.2900181,0.3160763,1.227944,193550822277168,PSF_FLUX_INTERP DEBLENDED_AT_EDGE INTERP_CENTER BAD_MOVING_FIT MOVED BINNED1 INTERP PEAKCENTER CHILD ,1874707507461515264,-5.574445e-05,6.937621e-06,0,STAR,K3,42.9352774959979
281,1237670959484240407,49.85597818686,40.7991907590042,16.30753,15.99527,1.721606,1.517757,2.000384,0.8778858,1.592501,0.7146149,1.122499,1.784902,1286474037330504,DEBLEND_DEGENERATE PSF_FLUX_INTERP INTERP_CENTER BAD_MOVING_FIT_CHILD BAD_MOVING_FIT NODEBLEND_MOVING MOVED BINNED1 DEBLEND_PRUNED INTERP MANYPETRO NODEBLEND BLENDED ,2698807428601899008,-2.982143e-05,8.321401e-06,0,STAR,M1,43.0301635366501
283,1237661059574006613,49.1251846652232,41.8848529640606,17.48358,17.13314,1.930246,2.349323,2.243109,1.251408,1.780048,0.5286407,0.9917011,3.753959,193583034531856,PSF_FLUX_INTERP DEBLENDED_AT_EDGE INTERP_CENTER STATIONARY BINNED1 INTERP CHILD ,1875867217602570240,0.1339912,2.364775e-05,0,GALAXY,,43.034410538996
285,1237661059574007211,49.2359089369141,41.9963304584024,27.06348,26.72954,1.091456,-3.799187,1.389593,-2.617714,-0.1638699,2.453844,4.007307,2.970022,457465858756880,TOO_FEW_GOOD_DETECTIONS PSF_FLUX_INTERP DEBLENDED_AT_EDGE STATIONARY BINNED1 DEBLENDED_AS_PSF INTERP COSMIC_RAY NOPETRO CHILD ,2721437851853023232,-0.003955113,0.0005056004,5,STAR,L4,43.0443683605627
286,1237661055818335697,49.3339087242848,42.067375286885,18.13881,17.81364,1.206254,1.918421,1.496563,0.8803711,1.273054,0.392683,0.6161919,1.290912,35221147746320,DEBLENDED_AT_EDGE BAD_MOVING_FIT MOVED BINNED1 CHILD ,1874741042566162432,-4.474738e-05,8.983217e-06,0,STAR,K5,43.0983746679468
287,1237661083199473010,50.2187891416578,40.8218377553388,16.5511,16.21135,1.605177,2.048006,1.908499,1.053564,1.509945,0.4563808,0.8549347,4.992988,35253361185040,DEBLENDED_AT_EDGE STATIONARY BINNED1 SUBTRACTED INTERP COSMIC_RAY NOPETRO CHILD ,1874649508223150080,0.08529358,1.265203e-05,0,GALAXY,,43.2580995999881
288,1237661056355730682,50.8726973633063,41.7251217520325,17.06355,16.61825,1.295138,2.169674,1.692694,1.007315,1.35305,0.3457355,0.685379,1.331662,158398663492352,PSF_FLUX_INTERP INTERP_CENTER STATIONARY BINNED1 SUBTRACTED INTERP MANYPETRO NOPETRO ,1874787222054529024,-6.33028e-05,7.615338e-06,0,STAR,K3,43.4394332755919
289,1237661083199538263,50.4410055155298,40.8919141993069,16.74638,16.41858,1.634374,2.015545,1.927032,1.068163,1.543236,0.4750729,0.8588696,4.078538,35253360136208,DEBLENDED_AT_EDGE STATIONARY BINNED1 INTERP COSMIC_RAY CHILD ,1875776233015371776,0.0990391,1.526924e-05,0,GALAXY,,43.4402882778211
290,1237661060111467767,50.9235265983509,41.5222155244742,18.26587,17.81514,0.6837358,1.417189,1.086142,0.6970978,0.9087009,0.2116032,0.3890438,1.343358,72092849545543696,MAYBE_CR DEBLENDED_AT_EDGE STATIONARY MOVED BINNED1 INTERP CHILD ,1875914221724657664,-0.0002147276,1.251443e-05,0,STAR,F9,43.8871958221521
291,1237661055818990429,50.9058912284345,41.3664650588926,17.20432,16.78527,1.720221,1.97197,2.094337,1.089518,1.63682,0.5473022,1.00482,3.68108,34628173824,BAD_MOVING_FIT BINNED1 ,1874631916037105664,0.04802332,1.329045e-05,0,GALAXY,,44.0312494254831
292,1237661083199472188,50.1844055986588,40.8007587515615,16.81091,16.47613,0.6368989,1.46837,0.9357853,0.5863762,0.8231258,0.2367496,0.3494091,1.141926,68987912192,STATIONARY BINNED1 ,1875786128620021760,-0.0003286325,8.865441e-06,0,STAR,F9,44.0687339853216
293,1237661121850901163,48.9999795273873,41.2875102706543,16.52428,16.17855,0.6117339,1.310324,0.920393,0.5720692,0.7883358,0.2162666,0.3483238,2.525778,1128281801753160,DEBLEND_DEGENERATE BAD_MOVING_FIT_CHILD PEAKS_TOO_CLOSE BAD_MOVING_FIT NODEBLEND_MOVING MOVED BINNED1 DEBLEND_PRUNED MANYPETRO NODEBLEND BLENDED ,1874708332095236096,-0.0001366693,7.852797e-06,0,STAR,G2,44.7064602832941
294,1237661059574006457,49.1675257811761,41.9823818208255,16.1691,15.81094,0.5144444,1.367605,0.8342075,0.5344448,0.7086182,0.1741734,0.2997627,1.312848,35255507619856,DEBLENDED_AT_EDGE STATIONARY MOVED BINNED1 INTERP COSMIC_RAY CHILD ,1874739118420813824,5.245465e-05,9.102572e-06,0,STAR,F9,44.8260747258114
295,1237661055281463492,49.0304654578195,41.8135750584925,17.20103,16.86689,1.604375,2.440319,1.902685,1.039598,1.527464,0.4878654,0.8630867,4.278062,193583036104792,PSF_FLUX_INTERP DEBLENDED_AT_EDGE INTERP_CENTER STATIONARY BINNED1 SUBTRACTED NOTCHECKED INTERP NODEBLEND CHILD BLENDED ,1875856497364199424,0.08334604,1.598948e-05,0,GALAXY,,44.8516640314823
